data_coleta,regiao,data_ref,prazo_anos,taxa_real,coletado_em
2026-06-18,BR,2026-06-17,0.16,11.03,2026-06-18T17:44:50
2026-06-18,BR,2026-06-17,2.91,8.41,2026-06-18T17:44:50
2026-06-18,BR,2026-06-17,6.16,8.2,2026-06-18T17:44:50
2026-06-18,BR,2026-06-17,8.91,7.88,2026-06-18T17:44:50
2026-06-18,BR,2026-06-17,14.16,7.43,2026-06-18T17:44:50
2026-06-18,BR,2026-06-17,18.91,7.29,2026-06-18T17:44:50
2026-06-18,BR,2026-06-17,24.16,7.13,2026-06-18T17:44:50
2026-06-18,US,2026-06-18,5.0,1.96,2026-06-18T17:44:50
2026-06-18,US,2026-06-18,7.0,2.07,2026-06-18T17:44:50
2026-06-18,US,2026-06-18,10.0,2.21,2026-06-18T17:44:50
2026-06-18,US,2026-06-18,20.0,2.52,2026-06-18T17:44:50
2026-06-18,US,2026-06-18,30.0,2.7,2026-06-18T17:44:50
2026-06-18,EU,2026-06-17,0.25,0.334,2026-06-18T17:44:50
2026-06-18,EU,2026-06-17,0.5,0.424,2026-06-18T17:44:50
2026-06-18,EU,2026-06-17,1.0,0.508,2026-06-18T17:44:50
2026-06-18,EU,2026-06-17,2.0,0.527,2026-06-18T17:44:50
2026-06-18,EU,2026-06-17,3.0,0.533,2026-06-18T17:44:50
2026-06-18,EU,2026-06-17,5.0,0.588,2026-06-18T17:44:50
2026-06-18,EU,2026-06-17,7.0,0.705,2026-06-18T17:44:50
2026-06-18,EU,2026-06-17,10.0,0.885,2026-06-18T17:44:50
2026-06-18,EU,2026-06-17,15.0,1.114,2026-06-18T17:44:50
2026-06-18,EU,2026-06-17,20.0,1.229,2026-06-18T17:44:50
2026-06-18,EU,2026-06-17,30.0,1.278,2026-06-18T17:44:50
2026-06-19,BR,2026-06-18,2.91,8.61,2026-06-19T10:27:04
2026-06-19,BR,2026-06-18,6.16,8.51,2026-06-19T10:27:04
2026-06-19,BR,2026-06-18,8.91,8.09,2026-06-19T10:27:04
2026-06-19,BR,2026-06-18,14.16,7.61,2026-06-19T10:27:04
2026-06-19,BR,2026-06-18,18.91,7.44,2026-06-19T10:27:04
2026-06-19,BR,2026-06-18,24.16,7.26,2026-06-19T10:27:04
2026-06-19,US,2026-06-18,5.0,1.96,2026-06-19T10:27:04
2026-06-19,US,2026-06-18,7.0,2.07,2026-06-19T10:27:04
2026-06-19,US,2026-06-18,10.0,2.21,2026-06-19T10:27:04
2026-06-19,US,2026-06-18,20.0,2.52,2026-06-19T10:27:04
2026-06-19,US,2026-06-18,30.0,2.7,2026-06-19T10:27:04
2026-06-19,EU,2026-06-18,0.25,0.325,2026-06-19T10:27:04
2026-06-19,EU,2026-06-18,0.5,0.426,2026-06-19T10:27:04
2026-06-19,EU,2026-06-18,1.0,0.525,2026-06-19T10:27:04
2026-06-19,EU,2026-06-18,2.0,0.554,2026-06-19T10:27:04
2026-06-19,EU,2026-06-18,3.0,0.559,2026-06-19T10:27:04
2026-06-19,EU,2026-06-18,5.0,0.605,2026-06-19T10:27:04
2026-06-19,EU,2026-06-18,7.0,0.713,2026-06-19T10:27:04
2026-06-19,EU,2026-06-18,10.0,0.885,2026-06-19T10:27:04
2026-06-19,EU,2026-06-18,15.0,1.106,2026-06-19T10:27:04
2026-06-19,EU,2026-06-18,20.0,1.217,2026-06-19T10:27:04
2026-06-19,EU,2026-06-18,30.0,1.266,2026-06-19T10:27:04
2026-06-22,BR,2026-06-19,2.9,8.58,2026-06-22T09:10:19
2026-06-22,BR,2026-06-19,6.16,8.44,2026-06-22T09:10:19
2026-06-22,BR,2026-06-19,8.9,8.0,2026-06-22T09:10:19
2026-06-22,BR,2026-06-19,14.16,7.5,2026-06-22T09:10:19
2026-06-22,BR,2026-06-19,18.9,7.31,2026-06-22T09:10:19
2026-06-22,BR,2026-06-19,24.16,7.16,2026-06-22T09:10:19
2026-06-22,US,2026-06-18,5.0,1.96,2026-06-22T09:10:19
2026-06-22,US,2026-06-18,7.0,2.07,2026-06-22T09:10:19
2026-06-22,US,2026-06-18,10.0,2.21,2026-06-22T09:10:19
2026-06-22,US,2026-06-18,20.0,2.52,2026-06-22T09:10:19
2026-06-22,US,2026-06-18,30.0,2.7,2026-06-22T09:10:19
2026-06-22,EU,2026-06-19,0.25,0.322,2026-06-22T09:10:19
2026-06-22,EU,2026-06-19,0.5,0.424,2026-06-22T09:10:19
2026-06-22,EU,2026-06-19,1.0,0.53,2026-06-22T09:10:19
2026-06-22,EU,2026-06-19,2.0,0.576,2026-06-22T09:10:19
2026-06-22,EU,2026-06-19,3.0,0.592,2026-06-22T09:10:19
2026-06-22,EU,2026-06-19,5.0,0.648,2026-06-22T09:10:19
2026-06-22,EU,2026-06-19,7.0,0.76,2026-06-22T09:10:19
2026-06-22,EU,2026-06-19,10.0,0.937,2026-06-22T09:10:19
2026-06-22,EU,2026-06-19,15.0,1.162,2026-06-22T09:10:19
2026-06-22,EU,2026-06-19,20.0,1.275,2026-06-22T09:10:19
2026-06-22,EU,2026-06-19,30.0,1.323,2026-06-22T09:10:19
2026-06-23,BR,2026-06-22,2.9,8.76,2026-06-23T15:14:06
2026-06-23,BR,2026-06-22,6.15,8.56,2026-06-23T15:14:06
2026-06-23,BR,2026-06-22,8.9,8.08,2026-06-23T15:14:06
2026-06-23,BR,2026-06-22,14.15,7.54,2026-06-23T15:14:06
2026-06-23,BR,2026-06-22,18.9,7.33,2026-06-23T15:14:06
2026-06-23,BR,2026-06-22,24.15,7.18,2026-06-23T15:14:06
2026-06-23,US,2026-06-22,5.0,2.01,2026-06-23T15:14:06
2026-06-23,US,2026-06-22,7.0,2.13,2026-06-23T15:14:06
2026-06-23,US,2026-06-22,10.0,2.28,2026-06-23T15:14:06
2026-06-23,US,2026-06-22,20.0,2.58,2026-06-23T15:14:06
2026-06-23,US,2026-06-22,30.0,2.75,2026-06-23T15:14:06
2026-06-23,EU,2026-06-22,0.25,0.348,2026-06-23T15:14:06
2026-06-23,EU,2026-06-22,0.5,0.441,2026-06-23T15:14:06
2026-06-23,EU,2026-06-22,1.0,0.527,2026-06-23T15:14:06
2026-06-23,EU,2026-06-22,2.0,0.545,2026-06-23T15:14:06
2026-06-23,EU,2026-06-22,3.0,0.551,2026-06-23T15:14:06
2026-06-23,EU,2026-06-22,5.0,0.609,2026-06-23T15:14:06
2026-06-23,EU,2026-06-22,7.0,0.727,2026-06-23T15:14:06
2026-06-23,EU,2026-06-22,10.0,0.909,2026-06-23T15:14:06
2026-06-23,EU,2026-06-22,15.0,1.14,2026-06-23T15:14:06
2026-06-23,EU,2026-06-22,20.0,1.258,2026-06-23T15:14:06
2026-06-23,EU,2026-06-22,30.0,1.314,2026-06-23T15:14:06
2026-06-24,BR,2026-06-23,2.89,8.72,2026-06-24T14:44:26
2026-06-24,BR,2026-06-23,6.15,8.52,2026-06-24T14:44:26
2026-06-24,BR,2026-06-23,8.89,8.06,2026-06-24T14:44:26
2026-06-24,BR,2026-06-23,14.15,7.6,2026-06-24T14:44:26
2026-06-24,BR,2026-06-23,18.89,7.39,2026-06-24T14:44:26
2026-06-24,BR,2026-06-23,24.15,7.25,2026-06-24T14:44:26
2026-06-24,US,2026-06-23,5.0,2.03,2026-06-24T14:44:26
2026-06-24,US,2026-06-23,7.0,2.15,2026-06-24T14:44:26
2026-06-24,US,2026-06-23,10.0,2.29,2026-06-24T14:44:26
2026-06-24,US,2026-06-23,20.0,2.59,2026-06-24T14:44:26
2026-06-24,US,2026-06-23,30.0,2.76,2026-06-24T14:44:26
2026-06-24,EU,2026-06-23,0.25,0.328,2026-06-24T14:44:26
2026-06-24,EU,2026-06-23,0.5,0.407,2026-06-24T14:44:26
2026-06-24,EU,2026-06-23,1.0,0.483,2026-06-24T14:44:26
2026-06-24,EU,2026-06-23,2.0,0.504,2026-06-24T14:44:26
2026-06-24,EU,2026-06-23,3.0,0.515,2026-06-24T14:44:26
2026-06-24,EU,2026-06-23,5.0,0.575,2026-06-24T14:44:26
2026-06-24,EU,2026-06-23,7.0,0.692,2026-06-24T14:44:26
2026-06-24,EU,2026-06-23,10.0,0.871,2026-06-24T14:44:26
2026-06-24,EU,2026-06-23,15.0,1.101,2026-06-24T14:44:26
2026-06-24,EU,2026-06-23,20.0,1.22,2026-06-24T14:44:26
2026-06-24,EU,2026-06-23,30.0,1.286,2026-06-24T14:44:26
2026-06-25,BR,2026-06-24,2.89,8.57,2026-06-25T14:43:44
2026-06-25,BR,2026-06-24,6.14,8.4,2026-06-25T14:43:44
2026-06-25,BR,2026-06-24,8.89,8.03,2026-06-25T14:43:44
2026-06-25,BR,2026-06-24,14.14,7.56,2026-06-25T14:43:44
2026-06-25,BR,2026-06-24,18.89,7.33,2026-06-25T14:43:44
2026-06-25,BR,2026-06-24,24.14,7.17,2026-06-25T14:43:44
2026-06-25,US,2026-06-24,5.0,1.98,2026-06-25T14:43:44
2026-06-25,US,2026-06-24,7.0,2.09,2026-06-25T14:43:44
2026-06-25,US,2026-06-24,10.0,2.23,2026-06-25T14:43:44
2026-06-25,US,2026-06-24,20.0,2.53,2026-06-25T14:43:44
2026-06-25,US,2026-06-24,30.0,2.71,2026-06-25T14:43:44
2026-06-25,EU,2026-06-24,0.25,0.359,2026-06-25T14:43:44
2026-06-25,EU,2026-06-24,0.5,0.423,2026-06-25T14:43:44
2026-06-25,EU,2026-06-24,1.0,0.479,2026-06-25T14:43:44
2026-06-25,EU,2026-06-24,2.0,0.486,2026-06-25T14:43:44
2026-06-25,EU,2026-06-24,3.0,0.494,2026-06-25T14:43:44
2026-06-25,EU,2026-06-24,5.0,0.552,2026-06-25T14:43:44
2026-06-25,EU,2026-06-24,7.0,0.665,2026-06-25T14:43:44
2026-06-25,EU,2026-06-24,10.0,0.838,2026-06-25T14:43:44
2026-06-25,EU,2026-06-24,15.0,1.059,2026-06-25T14:43:44
2026-06-25,EU,2026-06-24,20.0,1.174,2026-06-25T14:43:44
2026-06-25,EU,2026-06-24,30.0,1.239,2026-06-25T14:43:44
2026-06-26,BR,2026-06-25,2.89,8.54,2026-06-26T14:37:12
2026-06-26,BR,2026-06-25,6.14,8.36,2026-06-26T14:37:12
2026-06-26,BR,2026-06-25,8.89,7.99,2026-06-26T14:37:12
2026-06-26,BR,2026-06-25,14.14,7.56,2026-06-26T14:37:12
2026-06-26,BR,2026-06-25,18.89,7.33,2026-06-26T14:37:12
2026-06-26,BR,2026-06-25,24.14,7.21,2026-06-26T14:37:12
2026-06-26,US,2026-06-25,5.0,1.92,2026-06-26T14:37:12
2026-06-26,US,2026-06-25,7.0,2.05,2026-06-26T14:37:12
2026-06-26,US,2026-06-25,10.0,2.19,2026-06-26T14:37:12
2026-06-26,US,2026-06-25,20.0,2.51,2026-06-26T14:37:12
2026-06-26,US,2026-06-25,30.0,2.69,2026-06-26T14:37:12
2026-06-26,EU,2026-06-25,0.25,0.382,2026-06-26T14:37:12
2026-06-26,EU,2026-06-25,0.5,0.438,2026-06-26T14:37:12
2026-06-26,EU,2026-06-25,1.0,0.482,2026-06-26T14:37:12
2026-06-26,EU,2026-06-25,2.0,0.476,2026-06-26T14:37:12
2026-06-26,EU,2026-06-25,3.0,0.479,2026-06-26T14:37:12
2026-06-26,EU,2026-06-25,5.0,0.534,2026-06-26T14:37:12
2026-06-26,EU,2026-06-25,7.0,0.645,2026-06-26T14:37:12
2026-06-26,EU,2026-06-25,10.0,0.816,2026-06-26T14:37:12
2026-06-26,EU,2026-06-25,15.0,1.035,2026-06-26T14:37:12
2026-06-26,EU,2026-06-25,20.0,1.149,2026-06-26T14:37:12
2026-06-26,EU,2026-06-25,30.0,1.215,2026-06-26T14:37:12
2026-06-29,BR,2026-06-26,2.89,8.49,2026-06-29T15:57:23
2026-06-29,BR,2026-06-26,6.14,8.28,2026-06-29T15:57:23
2026-06-29,BR,2026-06-26,8.88,7.91,2026-06-29T15:57:23
2026-06-29,BR,2026-06-26,14.14,7.49,2026-06-29T15:57:23
2026-06-29,BR,2026-06-26,18.89,7.26,2026-06-29T15:57:23
2026-06-29,BR,2026-06-26,24.14,7.16,2026-06-29T15:57:23
2026-06-29,US,2026-06-26,5.0,1.91,2026-06-29T15:57:23
2026-06-29,US,2026-06-26,7.0,2.03,2026-06-29T15:57:23
2026-06-29,US,2026-06-26,10.0,2.18,2026-06-29T15:57:23
2026-06-29,US,2026-06-26,20.0,2.5,2026-06-29T15:57:23
2026-06-29,US,2026-06-26,30.0,2.69,2026-06-29T15:57:23
2026-06-29,EU,2026-06-26,0.25,0.375,2026-06-29T15:57:23
2026-06-29,EU,2026-06-26,0.5,0.429,2026-06-29T15:57:23
2026-06-29,EU,2026-06-26,1.0,0.467,2026-06-29T15:57:23
2026-06-29,EU,2026-06-26,2.0,0.453,2026-06-29T15:57:23
2026-06-29,EU,2026-06-26,3.0,0.457,2026-06-29T15:57:23
2026-06-29,EU,2026-06-26,5.0,0.523,2026-06-29T15:57:23
2026-06-29,EU,2026-06-26,7.0,0.643,2026-06-29T15:57:23
2026-06-29,EU,2026-06-26,10.0,0.822,2026-06-29T15:57:23
2026-06-29,EU,2026-06-26,15.0,1.047,2026-06-29T15:57:23
2026-06-29,EU,2026-06-26,20.0,1.164,2026-06-29T15:57:23
2026-06-29,EU,2026-06-26,30.0,1.232,2026-06-29T15:57:23
2026-06-30,US,2026-06-29,5.0,1.9,2026-06-30T14:32:00
2026-06-30,US,2026-06-29,7.0,2.02,2026-06-30T14:32:00
2026-06-30,US,2026-06-29,10.0,2.16,2026-06-30T14:32:00
2026-06-30,US,2026-06-29,20.0,2.49,2026-06-30T14:32:00
2026-06-30,US,2026-06-29,30.0,2.68,2026-06-30T14:32:00
2026-06-30,EU,2026-06-29,0.25,0.369,2026-06-30T14:32:00
2026-06-30,EU,2026-06-29,0.5,0.434,2026-06-30T14:32:00
2026-06-30,EU,2026-06-29,1.0,0.484,2026-06-30T14:32:00
2026-06-30,EU,2026-06-29,2.0,0.477,2026-06-30T14:32:00
2026-06-30,EU,2026-06-29,3.0,0.477,2026-06-30T14:32:00
2026-06-30,EU,2026-06-29,5.0,0.533,2026-06-30T14:32:00
2026-06-30,EU,2026-06-29,7.0,0.648,2026-06-30T14:32:00
2026-06-30,EU,2026-06-29,10.0,0.823,2026-06-30T14:32:00
2026-06-30,EU,2026-06-29,15.0,1.047,2026-06-30T14:32:00
2026-06-30,EU,2026-06-29,20.0,1.164,2026-06-30T14:32:00
2026-06-30,EU,2026-06-29,30.0,1.234,2026-06-30T14:32:00
2026-07-01,BR,2026-06-30,2.87,8.53,2026-07-01T14:48:41
2026-07-01,BR,2026-06-30,6.13,8.3,2026-07-01T14:48:41
2026-07-01,BR,2026-06-30,8.87,8.01,2026-07-01T14:48:41
2026-07-01,BR,2026-06-30,14.13,7.68,2026-07-01T14:48:41
2026-07-01,BR,2026-06-30,18.87,7.45,2026-07-01T14:48:41
2026-07-01,BR,2026-06-30,24.13,7.37,2026-07-01T14:48:41
2026-07-01,US,2026-06-30,5.0,1.93,2026-07-01T14:48:41
2026-07-01,US,2026-06-30,7.0,2.06,2026-07-01T14:48:41
2026-07-01,US,2026-06-30,10.0,2.2,2026-07-01T14:48:41
2026-07-01,US,2026-06-30,20.0,2.54,2026-07-01T14:48:41
2026-07-01,US,2026-06-30,30.0,2.73,2026-07-01T14:48:41
2026-07-01,EU,2026-06-30,0.25,0.384,2026-07-01T14:48:41
2026-07-01,EU,2026-06-30,0.5,0.441,2026-07-01T14:48:41
2026-07-01,EU,2026-06-30,1.0,0.485,2026-07-01T14:48:41
2026-07-01,EU,2026-06-30,2.0,0.476,2026-07-01T14:48:41
2026-07-01,EU,2026-06-30,3.0,0.478,2026-07-01T14:48:41
2026-07-01,EU,2026-06-30,5.0,0.533,2026-07-01T14:48:41
2026-07-01,EU,2026-06-30,7.0,0.648,2026-07-01T14:48:41
2026-07-01,EU,2026-06-30,10.0,0.824,2026-07-01T14:48:41
2026-07-01,EU,2026-06-30,15.0,1.05,2026-07-01T14:48:41
2026-07-01,EU,2026-06-30,20.0,1.168,2026-07-01T14:48:41
2026-07-01,EU,2026-06-30,30.0,1.233,2026-07-01T14:48:41
2026-07-02,BR,2026-07-01,2.87,8.51,2026-07-02T14:17:19
2026-07-02,BR,2026-07-01,6.12,8.27,2026-07-02T14:17:19
2026-07-02,BR,2026-07-01,8.87,8.05,2026-07-02T14:17:19
2026-07-02,BR,2026-07-01,14.12,7.72,2026-07-02T14:17:19
2026-07-02,BR,2026-07-01,18.87,7.5,2026-07-02T14:17:19
2026-07-02,BR,2026-07-01,24.12,7.41,2026-07-02T14:17:19
2026-07-02,US,2026-07-01,5.0,1.98,2026-07-02T14:17:19
2026-07-02,US,2026-07-01,7.0,2.11,2026-07-02T14:17:19
2026-07-02,US,2026-07-01,10.0,2.25,2026-07-02T14:17:19
2026-07-02,US,2026-07-01,20.0,2.58,2026-07-02T14:17:19
2026-07-02,US,2026-07-01,30.0,2.78,2026-07-02T14:17:19
2026-07-02,EU,2026-07-01,0.25,0.372,2026-07-02T14:17:19
2026-07-02,EU,2026-07-01,0.5,0.429,2026-07-02T14:17:19
2026-07-02,EU,2026-07-01,1.0,0.476,2026-07-02T14:17:19
2026-07-02,EU,2026-07-01,2.0,0.474,2026-07-02T14:17:19
2026-07-02,EU,2026-07-01,3.0,0.482,2026-07-02T14:17:19
2026-07-02,EU,2026-07-01,5.0,0.551,2026-07-02T14:17:19
2026-07-02,EU,2026-07-01,7.0,0.676,2026-07-02T14:17:19
2026-07-02,EU,2026-07-01,10.0,0.863,2026-07-02T14:17:19
2026-07-02,EU,2026-07-01,15.0,1.099,2026-07-02T14:17:19
2026-07-02,EU,2026-07-01,20.0,1.219,2026-07-02T14:17:19
2026-07-02,EU,2026-07-01,30.0,1.278,2026-07-02T14:17:19
2026-07-03,BR,2026-07-02,2.87,8.56,2026-07-03T14:22:02
2026-07-03,BR,2026-07-02,6.12,8.33,2026-07-03T14:22:02
2026-07-03,BR,2026-07-02,8.87,8.14,2026-07-03T14:22:02
2026-07-03,BR,2026-07-02,14.12,7.79,2026-07-03T14:22:02
2026-07-03,BR,2026-07-02,18.87,7.52,2026-07-03T14:22:02
2026-07-03,BR,2026-07-02,24.12,7.42,2026-07-03T14:22:02
2026-07-03,US,2026-07-02,5.0,1.99,2026-07-03T14:22:02
2026-07-03,US,2026-07-02,7.0,2.11,2026-07-03T14:22:02
2026-07-03,US,2026-07-02,10.0,2.26,2026-07-03T14:22:02
2026-07-03,US,2026-07-02,20.0,2.6,2026-07-03T14:22:02
2026-07-03,US,2026-07-02,30.0,2.79,2026-07-03T14:22:02
2026-07-03,EU,2026-07-02,0.25,0.354,2026-07-03T14:22:02
2026-07-03,EU,2026-07-02,0.5,0.401,2026-07-03T14:22:02
2026-07-03,EU,2026-07-02,1.0,0.443,2026-07-03T14:22:02
2026-07-03,EU,2026-07-02,2.0,0.454,2026-07-03T14:22:02
2026-07-03,EU,2026-07-02,3.0,0.478,2026-07-03T14:22:02
2026-07-03,EU,2026-07-02,5.0,0.563,2026-07-03T14:22:02
2026-07-03,EU,2026-07-02,7.0,0.696,2026-07-03T14:22:02
2026-07-03,EU,2026-07-02,10.0,0.888,2026-07-03T14:22:02
2026-07-03,EU,2026-07-02,15.0,1.126,2026-07-03T14:22:02
2026-07-03,EU,2026-07-02,20.0,1.246,2026-07-03T14:22:02
2026-07-03,EU,2026-07-02,30.0,1.302,2026-07-03T14:22:02
2026-07-06,BR,2026-07-03,2.87,8.57,2026-07-06T15:46:43
2026-07-06,BR,2026-07-03,6.12,8.4,2026-07-06T15:46:43
2026-07-06,BR,2026-07-03,8.87,8.18,2026-07-06T15:46:43
2026-07-06,BR,2026-07-03,14.12,7.77,2026-07-06T15:46:43
2026-07-06,BR,2026-07-03,18.87,7.48,2026-07-06T15:46:43
2026-07-06,BR,2026-07-03,24.12,7.38,2026-07-06T15:46:43
2026-07-06,US,2026-07-02,5.0,1.99,2026-07-06T15:46:43
2026-07-06,US,2026-07-02,7.0,2.11,2026-07-06T15:46:43
2026-07-06,US,2026-07-02,10.0,2.26,2026-07-06T15:46:43
2026-07-06,US,2026-07-02,20.0,2.6,2026-07-06T15:46:43
2026-07-06,US,2026-07-02,30.0,2.79,2026-07-06T15:46:43
2026-07-06,EU,2026-07-03,0.25,0.344,2026-07-06T15:46:43
2026-07-06,EU,2026-07-03,0.5,0.393,2026-07-06T15:46:43
2026-07-06,EU,2026-07-03,1.0,0.443,2026-07-06T15:46:43
2026-07-06,EU,2026-07-03,2.0,0.471,2026-07-06T15:46:43
2026-07-06,EU,2026-07-03,3.0,0.503,2026-07-06T15:46:43
2026-07-06,EU,2026-07-03,5.0,0.59,2026-07-06T15:46:43
2026-07-06,EU,2026-07-03,7.0,0.718,2026-07-06T15:46:43
2026-07-06,EU,2026-07-03,10.0,0.906,2026-07-06T15:46:43
2026-07-06,EU,2026-07-03,15.0,1.142,2026-07-06T15:46:43
2026-07-06,EU,2026-07-03,20.0,1.262,2026-07-06T15:46:43
2026-07-06,EU,2026-07-03,30.0,1.321,2026-07-06T15:46:43
2026-07-07,BR,2026-07-06,2.86,8.48,2026-07-07T14:50:29
2026-07-07,BR,2026-07-06,6.11,8.26,2026-07-07T14:50:29
2026-07-07,BR,2026-07-06,8.86,8.05,2026-07-07T14:50:29
2026-07-07,BR,2026-07-06,14.11,7.63,2026-07-07T14:50:29
2026-07-07,BR,2026-07-06,18.86,7.34,2026-07-07T14:50:29
2026-07-07,BR,2026-07-06,24.11,7.28,2026-07-07T14:50:29
2026-07-07,US,2026-07-06,5.0,1.94,2026-07-07T14:50:29
2026-07-07,US,2026-07-06,7.0,2.08,2026-07-07T14:50:29
2026-07-07,US,2026-07-06,10.0,2.24,2026-07-07T14:50:29
2026-07-07,US,2026-07-06,20.0,2.59,2026-07-07T14:50:29
2026-07-07,US,2026-07-06,30.0,2.79,2026-07-07T14:50:29
2026-07-07,EU,2026-07-06,0.25,0.363,2026-07-07T14:50:29
2026-07-07,EU,2026-07-06,0.5,0.417,2026-07-07T14:50:29
2026-07-07,EU,2026-07-06,1.0,0.468,2026-07-07T14:50:29
2026-07-07,EU,2026-07-06,2.0,0.485,2026-07-07T14:50:29
2026-07-07,EU,2026-07-06,3.0,0.508,2026-07-07T14:50:29
2026-07-07,EU,2026-07-06,5.0,0.59,2026-07-07T14:50:29
2026-07-07,EU,2026-07-06,7.0,0.721,2026-07-07T14:50:29
2026-07-07,EU,2026-07-06,10.0,0.916,2026-07-07T14:50:29
2026-07-07,EU,2026-07-06,15.0,1.158,2026-07-07T14:50:29
2026-07-07,EU,2026-07-06,20.0,1.281,2026-07-07T14:50:29
2026-07-07,EU,2026-07-06,30.0,1.335,2026-07-07T14:50:29
2026-07-08,US,2026-07-07,5.0,1.99,2026-07-08T14:28:21
2026-07-08,US,2026-07-07,7.0,2.14,2026-07-08T14:28:21
2026-07-08,US,2026-07-07,10.0,2.3,2026-07-08T14:28:21
2026-07-08,US,2026-07-07,20.0,2.65,2026-07-08T14:28:21
2026-07-08,US,2026-07-07,30.0,2.84,2026-07-08T14:28:21
2026-07-08,EU,2026-07-07,0.25,0.374,2026-07-08T14:28:21
2026-07-08,EU,2026-07-07,0.5,0.437,2026-07-08T14:28:21
2026-07-08,EU,2026-07-07,1.0,0.5,2026-07-08T14:28:21
2026-07-08,EU,2026-07-07,2.0,0.529,2026-07-08T14:28:21
2026-07-08,EU,2026-07-07,3.0,0.555,2026-07-08T14:28:21
2026-07-08,EU,2026-07-07,5.0,0.634,2026-07-08T14:28:21
2026-07-08,EU,2026-07-07,7.0,0.763,2026-07-08T14:28:21
2026-07-08,EU,2026-07-07,10.0,0.957,2026-07-08T14:28:21
2026-07-08,EU,2026-07-07,15.0,1.199,2026-07-08T14:28:21
2026-07-08,EU,2026-07-07,20.0,1.318,2026-07-08T14:28:21
2026-07-08,EU,2026-07-07,30.0,1.36,2026-07-08T14:28:21
2026-07-09,US,2026-07-08,5.0,2.0,2026-07-09T15:23:04
2026-07-09,US,2026-07-08,7.0,2.14,2026-07-09T15:23:04
2026-07-09,US,2026-07-08,10.0,2.31,2026-07-09T15:23:04
2026-07-09,US,2026-07-08,20.0,2.66,2026-07-09T15:23:04
2026-07-09,US,2026-07-08,30.0,2.86,2026-07-09T15:23:04
2026-07-09,EU,2026-07-08,0.25,0.4,2026-07-09T15:23:04
2026-07-09,EU,2026-07-08,0.5,0.485,2026-07-09T15:23:04
2026-07-09,EU,2026-07-08,1.0,0.575,2026-07-09T15:23:04
2026-07-09,EU,2026-07-08,2.0,0.619,2026-07-09T15:23:04
2026-07-09,EU,2026-07-08,3.0,0.644,2026-07-09T15:23:04
2026-07-09,EU,2026-07-08,5.0,0.717,2026-07-09T15:23:04
2026-07-09,EU,2026-07-08,7.0,0.844,2026-07-09T15:23:04
2026-07-09,EU,2026-07-08,10.0,1.037,2026-07-09T15:23:04
2026-07-09,EU,2026-07-08,15.0,1.275,2026-07-09T15:23:04
2026-07-09,EU,2026-07-08,20.0,1.385,2026-07-09T15:23:04
2026-07-09,EU,2026-07-08,30.0,1.406,2026-07-09T15:23:04
2026-07-10,BR,2026-07-09,2.85,8.43,2026-07-10T14:40:57
2026-07-10,BR,2026-07-09,6.1,8.23,2026-07-10T14:40:57
2026-07-10,BR,2026-07-09,8.85,7.98,2026-07-10T14:40:57
2026-07-10,BR,2026-07-09,14.1,7.61,2026-07-10T14:40:57
2026-07-10,BR,2026-07-09,18.85,7.33,2026-07-10T14:40:57
2026-07-10,BR,2026-07-09,24.1,7.27,2026-07-10T14:40:57
2026-07-10,US,2026-07-09,5.0,1.99,2026-07-10T14:40:57
2026-07-10,US,2026-07-09,7.0,2.14,2026-07-10T14:40:57
2026-07-10,US,2026-07-09,10.0,2.31,2026-07-10T14:40:57
2026-07-10,US,2026-07-09,20.0,2.66,2026-07-10T14:40:57
2026-07-10,US,2026-07-09,30.0,2.86,2026-07-10T14:40:57
2026-07-10,EU,2026-07-09,0.25,0.422,2026-07-10T14:40:57
2026-07-10,EU,2026-07-09,0.5,0.497,2026-07-10T14:40:57
2026-07-10,EU,2026-07-09,1.0,0.576,2026-07-10T14:40:57
2026-07-10,EU,2026-07-09,2.0,0.615,2026-07-10T14:40:57
2026-07-10,EU,2026-07-09,3.0,0.64,2026-07-10T14:40:57
2026-07-10,EU,2026-07-09,5.0,0.713,2026-07-10T14:40:57
2026-07-10,EU,2026-07-09,7.0,0.838,2026-07-10T14:40:57
2026-07-10,EU,2026-07-09,10.0,1.029,2026-07-10T14:40:57
2026-07-10,EU,2026-07-09,15.0,1.27,2026-07-10T14:40:57
2026-07-10,EU,2026-07-09,20.0,1.387,2026-07-10T14:40:57
2026-07-10,EU,2026-07-09,30.0,1.426,2026-07-10T14:40:57
2026-07-13,BR,2026-07-10,2.85,8.27,2026-07-13T14:48:23
2026-07-13,BR,2026-07-10,6.1,8.09,2026-07-13T14:48:23
2026-07-13,BR,2026-07-10,8.85,7.89,2026-07-13T14:48:23
2026-07-13,BR,2026-07-10,14.1,7.53,2026-07-13T14:48:23
2026-07-13,BR,2026-07-10,18.85,7.27,2026-07-13T14:48:23
2026-07-13,BR,2026-07-10,24.1,7.21,2026-07-13T14:48:23
2026-07-13,US,2026-07-10,5.0,2.02,2026-07-13T14:48:23
2026-07-13,US,2026-07-10,7.0,2.16,2026-07-13T14:48:23
2026-07-13,US,2026-07-10,10.0,2.32,2026-07-13T14:48:23
2026-07-13,US,2026-07-10,20.0,2.66,2026-07-13T14:48:23
2026-07-13,US,2026-07-10,30.0,2.86,2026-07-13T14:48:23
2026-07-13,EU,2026-07-10,0.25,0.416,2026-07-13T14:48:23
2026-07-13,EU,2026-07-10,0.5,0.49,2026-07-13T14:48:23
2026-07-13,EU,2026-07-10,1.0,0.565,2026-07-13T14:48:23
2026-07-13,EU,2026-07-10,2.0,0.599,2026-07-13T14:48:23
2026-07-13,EU,2026-07-10,3.0,0.622,2026-07-13T14:48:23
2026-07-13,EU,2026-07-10,5.0,0.693,2026-07-13T14:48:23
2026-07-13,EU,2026-07-10,7.0,0.818,2026-07-13T14:48:23
2026-07-13,EU,2026-07-10,10.0,1.009,2026-07-13T14:48:23
2026-07-13,EU,2026-07-10,15.0,1.248,2026-07-13T14:48:23
2026-07-13,EU,2026-07-10,20.0,1.366,2026-07-13T14:48:23
2026-07-13,EU,2026-07-10,30.0,1.405,2026-07-13T14:48:23
2026-07-14,BR,2026-07-13,2.84,8.31,2026-07-14T13:58:04
2026-07-14,BR,2026-07-13,6.09,8.11,2026-07-14T13:58:04
2026-07-14,BR,2026-07-13,8.84,7.96,2026-07-14T13:58:04
2026-07-14,BR,2026-07-13,14.09,7.57,2026-07-14T13:58:04
2026-07-14,BR,2026-07-13,18.84,7.34,2026-07-14T13:58:04
2026-07-14,BR,2026-07-13,24.09,7.27,2026-07-14T13:58:04
2026-07-14,US,2026-07-13,5.0,2.06,2026-07-14T13:58:04
2026-07-14,US,2026-07-13,7.0,2.2,2026-07-14T13:58:04
2026-07-14,US,2026-07-13,10.0,2.36,2026-07-14T13:58:04
2026-07-14,US,2026-07-13,20.0,2.69,2026-07-14T13:58:04
2026-07-14,US,2026-07-13,30.0,2.89,2026-07-14T13:58:04
2026-07-14,EU,2026-07-13,0.25,0.399,2026-07-14T13:58:04
2026-07-14,EU,2026-07-13,0.5,0.494,2026-07-14T13:58:04
2026-07-14,EU,2026-07-13,1.0,0.596,2026-07-14T13:58:04
2026-07-14,EU,2026-07-13,2.0,0.645,2026-07-14T13:58:04
2026-07-14,EU,2026-07-13,3.0,0.664,2026-07-14T13:58:04
2026-07-14,EU,2026-07-13,5.0,0.724,2026-07-14T13:58:04
2026-07-14,EU,2026-07-13,7.0,0.84,2026-07-14T13:58:04
2026-07-14,EU,2026-07-13,10.0,1.025,2026-07-14T13:58:04
2026-07-14,EU,2026-07-13,15.0,1.26,2026-07-14T13:58:04
2026-07-14,EU,2026-07-13,20.0,1.375,2026-07-14T13:58:04
2026-07-14,EU,2026-07-13,30.0,1.41,2026-07-14T13:58:04
2026-07-15,BR,2026-07-14,2.84,8.33,2026-07-15T13:54:22
2026-07-15,BR,2026-07-14,6.09,8.12,2026-07-15T13:54:22
2026-07-15,BR,2026-07-14,8.84,7.97,2026-07-15T13:54:22
2026-07-15,BR,2026-07-14,14.09,7.53,2026-07-15T13:54:22
2026-07-15,BR,2026-07-14,18.84,7.31,2026-07-15T13:54:22
2026-07-15,BR,2026-07-14,24.09,7.24,2026-07-15T13:54:22
2026-07-15,US,2026-07-14,5.0,2.03,2026-07-15T13:54:22
2026-07-15,US,2026-07-14,7.0,2.17,2026-07-15T13:54:22
2026-07-15,US,2026-07-14,10.0,2.33,2026-07-15T13:54:22
2026-07-15,US,2026-07-14,20.0,2.67,2026-07-15T13:54:22
2026-07-15,US,2026-07-14,30.0,2.87,2026-07-15T13:54:22
2026-07-15,EU,2026-07-14,0.25,0.38,2026-07-15T13:54:22
2026-07-15,EU,2026-07-14,0.5,0.496,2026-07-15T13:54:22
2026-07-15,EU,2026-07-14,1.0,0.623,2026-07-15T13:54:22
2026-07-15,EU,2026-07-14,2.0,0.687,2026-07-15T13:54:22
2026-07-15,EU,2026-07-14,3.0,0.706,2026-07-15T13:54:22
2026-07-15,EU,2026-07-14,5.0,0.757,2026-07-15T13:54:22
2026-07-15,EU,2026-07-14,7.0,0.867,2026-07-15T13:54:22
2026-07-15,EU,2026-07-14,10.0,1.046,2026-07-15T13:54:22
2026-07-15,EU,2026-07-14,15.0,1.275,2026-07-15T13:54:22
2026-07-15,EU,2026-07-14,20.0,1.384,2026-07-15T13:54:22
2026-07-15,EU,2026-07-14,30.0,1.407,2026-07-15T13:54:22
2026-07-16,BR,2026-07-15,2.83,8.24,2026-07-16T14:06:46
2026-07-16,BR,2026-07-15,6.09,8.1,2026-07-16T14:06:46
2026-07-16,BR,2026-07-15,8.83,7.96,2026-07-16T14:06:46
2026-07-16,BR,2026-07-15,14.09,7.55,2026-07-16T14:06:46
2026-07-16,BR,2026-07-15,18.83,7.35,2026-07-16T14:06:46
2026-07-16,BR,2026-07-15,24.08,7.28,2026-07-16T14:06:46
2026-07-16,US,2026-07-15,5.0,2.01,2026-07-16T14:06:46
2026-07-16,US,2026-07-15,7.0,2.15,2026-07-16T14:06:46
2026-07-16,US,2026-07-15,10.0,2.32,2026-07-16T14:06:46
2026-07-16,US,2026-07-15,20.0,2.68,2026-07-16T14:06:46
2026-07-16,US,2026-07-15,30.0,2.88,2026-07-16T14:06:46
2026-07-16,EU,2026-07-15,0.25,0.401,2026-07-16T14:06:46
2026-07-16,EU,2026-07-15,0.5,0.496,2026-07-16T14:06:46
2026-07-16,EU,2026-07-15,1.0,0.606,2026-07-16T14:06:46
2026-07-16,EU,2026-07-15,2.0,0.676,2026-07-16T14:06:46
2026-07-16,EU,2026-07-15,3.0,0.707,2026-07-16T14:06:46
2026-07-16,EU,2026-07-15,5.0,0.769,2026-07-16T14:06:46
2026-07-16,EU,2026-07-15,7.0,0.878,2026-07-16T14:06:46
2026-07-16,EU,2026-07-15,10.0,1.054,2026-07-16T14:06:46
2026-07-16,EU,2026-07-15,15.0,1.282,2026-07-16T14:06:46
2026-07-16,EU,2026-07-15,20.0,1.393,2026-07-16T14:06:46
2026-07-16,EU,2026-07-15,30.0,1.424,2026-07-16T14:06:46
2026-07-17,BR,2026-07-16,2.83,8.18,2026-07-17T13:50:28
2026-07-17,BR,2026-07-16,6.08,8.13,2026-07-17T13:50:28
2026-07-17,BR,2026-07-16,8.83,7.96,2026-07-17T13:50:28
2026-07-17,BR,2026-07-16,14.08,7.57,2026-07-17T13:50:28
2026-07-17,BR,2026-07-16,18.83,7.36,2026-07-17T13:50:28
2026-07-17,BR,2026-07-16,24.08,7.29,2026-07-17T13:50:28
2026-07-17,US,2026-07-16,5.0,2.04,2026-07-17T13:50:28
2026-07-17,US,2026-07-16,7.0,2.18,2026-07-17T13:50:28
2026-07-17,US,2026-07-16,10.0,2.35,2026-07-17T13:50:28
2026-07-17,US,2026-07-16,20.0,2.71,2026-07-17T13:50:28
2026-07-17,US,2026-07-16,30.0,2.91,2026-07-17T13:50:28
2026-07-17,EU,2026-07-16,0.25,0.404,2026-07-17T13:50:28
2026-07-17,EU,2026-07-16,0.5,0.506,2026-07-17T13:50:28
2026-07-17,EU,2026-07-16,1.0,0.624,2026-07-17T13:50:28
2026-07-17,EU,2026-07-16,2.0,0.699,2026-07-17T13:50:28
2026-07-17,EU,2026-07-16,3.0,0.73,2026-07-17T13:50:28
2026-07-17,EU,2026-07-16,5.0,0.79,2026-07-17T13:50:28
2026-07-17,EU,2026-07-16,7.0,0.9,2026-07-17T13:50:28
2026-07-17,EU,2026-07-16,10.0,1.077,2026-07-17T13:50:28
2026-07-17,EU,2026-07-16,15.0,1.306,2026-07-17T13:50:28
2026-07-17,EU,2026-07-16,20.0,1.417,2026-07-17T13:50:28
2026-07-17,EU,2026-07-16,30.0,1.449,2026-07-17T13:50:28
2026-07-20,BR,2026-07-17,2.83,8.18,2026-07-20T14:20:15
2026-07-20,BR,2026-07-17,6.08,8.09,2026-07-20T14:20:15
2026-07-20,BR,2026-07-17,8.83,7.93,2026-07-20T14:20:15
2026-07-20,BR,2026-07-17,14.08,7.53,2026-07-20T14:20:15
2026-07-20,BR,2026-07-17,18.83,7.32,2026-07-20T14:20:15
2026-07-20,BR,2026-07-17,24.08,7.23,2026-07-20T14:20:15
2026-07-20,US,2026-07-17,5.0,2.01,2026-07-20T14:20:15
2026-07-20,US,2026-07-17,7.0,2.15,2026-07-20T14:20:15
2026-07-20,US,2026-07-17,10.0,2.31,2026-07-20T14:20:15
2026-07-20,US,2026-07-17,20.0,2.67,2026-07-20T14:20:15
2026-07-20,US,2026-07-17,30.0,2.87,2026-07-20T14:20:15
2026-07-20,EU,2026-07-17,0.25,0.424,2026-07-20T14:20:15
2026-07-20,EU,2026-07-17,0.5,0.519,2026-07-20T14:20:15
2026-07-20,EU,2026-07-17,1.0,0.629,2026-07-20T14:20:15
2026-07-20,EU,2026-07-17,2.0,0.698,2026-07-20T14:20:15
2026-07-20,EU,2026-07-17,3.0,0.726,2026-07-20T14:20:15
2026-07-20,EU,2026-07-17,5.0,0.781,2026-07-20T14:20:15
2026-07-20,EU,2026-07-17,7.0,0.884,2026-07-20T14:20:15
2026-07-20,EU,2026-07-17,10.0,1.052,2026-07-20T14:20:15
2026-07-20,EU,2026-07-17,15.0,1.27,2026-07-20T14:20:15
2026-07-20,EU,2026-07-17,20.0,1.375,2026-07-20T14:20:15
2026-07-20,EU,2026-07-17,30.0,1.401,2026-07-20T14:20:15
2026-07-21,BR,2026-07-20,2.82,8.28,2026-07-21T14:06:31
2026-07-21,BR,2026-07-20,6.07,8.19,2026-07-21T14:06:31
2026-07-21,BR,2026-07-20,8.82,7.99,2026-07-21T14:06:31
2026-07-21,BR,2026-07-20,14.07,7.57,2026-07-21T14:06:31
2026-07-21,BR,2026-07-20,18.82,7.33,2026-07-21T14:06:31
2026-07-21,BR,2026-07-20,24.07,7.27,2026-07-21T14:06:31
2026-07-21,US,2026-07-20,5.0,2.05,2026-07-21T14:06:31
2026-07-21,US,2026-07-20,7.0,2.19,2026-07-21T14:06:31
2026-07-21,US,2026-07-20,10.0,2.35,2026-07-21T14:06:31
2026-07-21,US,2026-07-20,20.0,2.7,2026-07-21T14:06:31
2026-07-21,US,2026-07-20,30.0,2.91,2026-07-21T14:06:31
2026-07-21,EU,2026-07-20,0.25,0.43,2026-07-21T14:06:31
2026-07-21,EU,2026-07-20,0.5,0.531,2026-07-21T14:06:31
2026-07-21,EU,2026-07-20,1.0,0.644,2026-07-21T14:06:31
2026-07-21,EU,2026-07-20,2.0,0.71,2026-07-21T14:06:31
2026-07-21,EU,2026-07-20,3.0,0.735,2026-07-21T14:06:31
2026-07-21,EU,2026-07-20,5.0,0.788,2026-07-21T14:06:31
2026-07-21,EU,2026-07-20,7.0,0.895,2026-07-21T14:06:31
2026-07-21,EU,2026-07-20,10.0,1.068,2026-07-21T14:06:31
2026-07-21,EU,2026-07-20,15.0,1.292,2026-07-21T14:06:31
2026-07-21,EU,2026-07-20,20.0,1.401,2026-07-21T14:06:31
2026-07-21,EU,2026-07-20,30.0,1.43,2026-07-21T14:06:31
2026-07-22,BR,2026-07-21,2.82,8.27,2026-07-22T14:09:02
2026-07-22,BR,2026-07-21,6.07,8.18,2026-07-22T14:09:02
2026-07-22,BR,2026-07-21,8.82,7.97,2026-07-22T14:09:02
2026-07-22,BR,2026-07-21,14.07,7.56,2026-07-22T14:09:02
2026-07-22,BR,2026-07-21,18.82,7.3,2026-07-22T14:09:02
2026-07-22,BR,2026-07-21,24.07,7.24,2026-07-22T14:09:02
2026-07-22,US,2026-07-21,5.0,2.09,2026-07-22T14:09:02
2026-07-22,US,2026-07-21,7.0,2.22,2026-07-22T14:09:02
2026-07-22,US,2026-07-21,10.0,2.37,2026-07-22T14:09:02
2026-07-22,US,2026-07-21,20.0,2.71,2026-07-22T14:09:02
2026-07-22,US,2026-07-21,30.0,2.91,2026-07-22T14:09:02
2026-07-23,BR,2026-07-22,2.81,8.36,2026-07-23T14:16:55
2026-07-23,BR,2026-07-22,6.07,8.28,2026-07-23T14:16:55
2026-07-23,BR,2026-07-22,8.81,8.07,2026-07-23T14:16:55
2026-07-23,BR,2026-07-22,14.07,7.65,2026-07-23T14:16:55
2026-07-23,BR,2026-07-22,18.81,7.39,2026-07-23T14:16:55
2026-07-23,BR,2026-07-22,24.07,7.35,2026-07-23T14:16:55
2026-07-23,US,2026-07-22,5.0,2.11,2026-07-23T14:16:55
2026-07-23,US,2026-07-22,7.0,2.24,2026-07-23T14:16:55
2026-07-23,US,2026-07-22,10.0,2.39,2026-07-23T14:16:55
2026-07-23,US,2026-07-22,20.0,2.73,2026-07-23T14:16:55
2026-07-23,US,2026-07-22,30.0,2.93,2026-07-23T14:16:55
2026-07-23,EU,2026-07-22,0.25,0.434,2026-07-23T14:16:55
2026-07-23,EU,2026-07-22,0.5,0.544,2026-07-23T14:16:55
2026-07-23,EU,2026-07-22,1.0,0.674,2026-07-23T14:16:55
2026-07-23,EU,2026-07-22,2.0,0.762,2026-07-23T14:16:55
2026-07-23,EU,2026-07-22,3.0,0.794,2026-07-23T14:16:55
2026-07-23,EU,2026-07-22,5.0,0.844,2026-07-23T14:16:55
2026-07-23,EU,2026-07-22,7.0,0.941,2026-07-23T14:16:55
2026-07-23,EU,2026-07-22,10.0,1.104,2026-07-23T14:16:55
2026-07-23,EU,2026-07-22,15.0,1.319,2026-07-23T14:16:55
2026-07-23,EU,2026-07-22,20.0,1.423,2026-07-23T14:16:55
2026-07-23,EU,2026-07-22,30.0,1.447,2026-07-23T14:16:55
2026-07-24,BR,2026-07-23,2.81,8.45,2026-07-24T13:57:17
2026-07-24,BR,2026-07-23,6.06,8.38,2026-07-24T13:57:17
2026-07-24,BR,2026-07-23,8.81,8.19,2026-07-24T13:57:17
2026-07-24,BR,2026-07-23,14.06,7.72,2026-07-24T13:57:17
2026-07-24,BR,2026-07-23,18.81,7.48,2026-07-24T13:57:17
2026-07-24,BR,2026-07-23,24.06,7.4,2026-07-24T13:57:17
2026-07-24,US,2026-07-23,5.0,2.17,2026-07-24T13:57:17
2026-07-24,US,2026-07-23,7.0,2.29,2026-07-24T13:57:17
2026-07-24,US,2026-07-23,10.0,2.43,2026-07-24T13:57:17
2026-07-24,US,2026-07-23,20.0,2.76,2026-07-24T13:57:17
2026-07-24,US,2026-07-23,30.0,2.95,2026-07-24T13:57:17
2026-07-24,EU,2026-07-23,0.25,0.458,2026-07-24T13:57:17
2026-07-24,EU,2026-07-23,0.5,0.571,2026-07-24T13:57:17
2026-07-24,EU,2026-07-23,1.0,0.706,2026-07-24T13:57:17
2026-07-24,EU,2026-07-23,2.0,0.801,2026-07-24T13:57:17
2026-07-24,EU,2026-07-23,3.0,0.835,2026-07-24T13:57:17
2026-07-24,EU,2026-07-23,5.0,0.88,2026-07-24T13:57:17
2026-07-24,EU,2026-07-23,7.0,0.97,2026-07-24T13:57:17
2026-07-24,EU,2026-07-23,10.0,1.125,2026-07-24T13:57:17
2026-07-24,EU,2026-07-23,15.0,1.332,2026-07-24T13:57:17
2026-07-24,EU,2026-07-23,20.0,1.432,2026-07-24T13:57:17
2026-07-24,EU,2026-07-23,30.0,1.452,2026-07-24T13:57:17
2026-07-27,BR,2026-07-24,2.81,8.33,2026-07-27T14:48:41
2026-07-27,BR,2026-07-24,6.06,8.31,2026-07-27T14:48:41
2026-07-27,BR,2026-07-24,8.81,8.14,2026-07-27T14:48:41
2026-07-27,BR,2026-07-24,14.06,7.69,2026-07-27T14:48:41
2026-07-27,BR,2026-07-24,18.81,7.43,2026-07-27T14:48:41
2026-07-27,BR,2026-07-24,24.06,7.39,2026-07-27T14:48:41
2026-07-27,US,2026-07-24,5.0,2.19,2026-07-27T14:48:41
2026-07-27,US,2026-07-24,7.0,2.29,2026-07-27T14:48:41
2026-07-27,US,2026-07-24,10.0,2.43,2026-07-27T14:48:41
2026-07-27,US,2026-07-24,20.0,2.75,2026-07-27T14:48:41
2026-07-27,US,2026-07-24,30.0,2.95,2026-07-27T14:48:41
2026-07-27,EU,2026-07-24,0.25,0.448,2026-07-27T14:48:41
2026-07-27,EU,2026-07-24,0.5,0.561,2026-07-27T14:48:41
2026-07-27,EU,2026-07-24,1.0,0.691,2026-07-27T14:48:41
2026-07-27,EU,2026-07-24,2.0,0.772,2026-07-27T14:48:41
2026-07-27,EU,2026-07-24,3.0,0.799,2026-07-27T14:48:41
2026-07-27,EU,2026-07-24,5.0,0.845,2026-07-27T14:48:41
2026-07-27,EU,2026-07-24,7.0,0.944,2026-07-27T14:48:41
2026-07-27,EU,2026-07-24,10.0,1.107,2026-07-27T14:48:41
2026-07-27,EU,2026-07-24,15.0,1.317,2026-07-27T14:48:41
2026-07-27,EU,2026-07-24,20.0,1.413,2026-07-27T14:48:41
2026-07-27,EU,2026-07-24,30.0,1.42,2026-07-27T14:48:41
2026-07-28,BR,2026-07-27,2.8,8.23,2026-07-28T14:23:35
2026-07-28,BR,2026-07-27,6.05,8.23,2026-07-28T14:23:35
2026-07-28,BR,2026-07-27,8.8,8.07,2026-07-28T14:23:35
2026-07-28,BR,2026-07-27,14.05,7.64,2026-07-28T14:23:35
2026-07-28,BR,2026-07-27,18.8,7.4,2026-07-28T14:23:35
2026-07-28,BR,2026-07-27,24.05,7.37,2026-07-28T14:23:35
2026-07-28,US,2026-07-27,5.0,2.22,2026-07-28T14:23:35
2026-07-28,US,2026-07-27,7.0,2.32,2026-07-28T14:23:35
2026-07-28,US,2026-07-27,10.0,2.44,2026-07-28T14:23:35
2026-07-28,US,2026-07-27,20.0,2.76,2026-07-28T14:23:35
2026-07-28,US,2026-07-27,30.0,2.95,2026-07-28T14:23:35
2026-07-28,EU,2026-07-27,0.25,0.452,2026-07-28T14:23:35
2026-07-28,EU,2026-07-27,0.5,0.555,2026-07-28T14:23:35
2026-07-28,EU,2026-07-27,1.0,0.669,2026-07-28T14:23:35
2026-07-28,EU,2026-07-27,2.0,0.73,2026-07-28T14:23:35
2026-07-28,EU,2026-07-27,3.0,0.749,2026-07-28T14:23:35
2026-07-28,EU,2026-07-27,5.0,0.795,2026-07-28T14:23:35
2026-07-28,EU,2026-07-27,7.0,0.898,2026-07-28T14:23:35
2026-07-28,EU,2026-07-27,10.0,1.066,2026-07-28T14:23:35
2026-07-28,EU,2026-07-27,15.0,1.28,2026-07-28T14:23:35
2026-07-28,EU,2026-07-27,20.0,1.379,2026-07-28T14:23:35
2026-07-28,EU,2026-07-27,30.0,1.392,2026-07-28T14:23:35
2026-07-29,BR,2026-07-28,2.8,8.13,2026-07-29T14:22:38
2026-07-29,BR,2026-07-28,6.05,8.2,2026-07-29T14:22:38
2026-07-29,BR,2026-07-28,8.8,8.07,2026-07-29T14:22:38
2026-07-29,BR,2026-07-28,14.05,7.66,2026-07-29T14:22:38
2026-07-29,BR,2026-07-28,18.8,7.43,2026-07-29T14:22:38
2026-07-29,BR,2026-07-28,24.05,7.4,2026-07-29T14:22:38
2026-07-29,US,2026-07-28,5.0,2.19,2026-07-29T14:22:38
2026-07-29,US,2026-07-28,7.0,2.29,2026-07-29T14:22:38
2026-07-29,US,2026-07-28,10.0,2.41,2026-07-29T14:22:38
2026-07-29,US,2026-07-28,20.0,2.72,2026-07-29T14:22:38
2026-07-29,US,2026-07-28,30.0,2.92,2026-07-29T14:22:38
2026-07-29,EU,2026-07-28,0.25,0.481,2026-07-29T14:22:38
2026-07-29,EU,2026-07-28,0.5,0.566,2026-07-29T14:22:38
2026-07-29,EU,2026-07-28,1.0,0.658,2026-07-29T14:22:38
2026-07-29,EU,2026-07-28,2.0,0.708,2026-07-29T14:22:38
2026-07-29,EU,2026-07-28,3.0,0.729,2026-07-29T14:22:38
2026-07-29,EU,2026-07-28,5.0,0.782,2026-07-29T14:22:38
2026-07-29,EU,2026-07-28,7.0,0.888,2026-07-29T14:22:38
2026-07-29,EU,2026-07-28,10.0,1.058,2026-07-29T14:22:38
2026-07-29,EU,2026-07-28,15.0,1.275,2026-07-29T14:22:38
2026-07-29,EU,2026-07-28,20.0,1.377,2026-07-29T14:22:38
2026-07-29,EU,2026-07-28,30.0,1.398,2026-07-29T14:22:38
2026-07-30,BR,2026-07-29,2.8,8.27,2026-07-30T14:17:01
2026-07-30,BR,2026-07-29,6.05,8.26,2026-07-30T14:17:01
2026-07-30,BR,2026-07-29,8.79,8.17,2026-07-30T14:17:01
2026-07-30,BR,2026-07-29,14.05,7.77,2026-07-30T14:17:01
2026-07-30,BR,2026-07-29,18.8,7.52,2026-07-30T14:17:01
2026-07-30,BR,2026-07-29,24.05,7.5,2026-07-30T14:17:01
2026-07-30,US,2026-07-29,5.0,2.13,2026-07-30T14:17:01
2026-07-30,US,2026-07-29,7.0,2.25,2026-07-30T14:17:01
2026-07-30,US,2026-07-29,10.0,2.41,2026-07-30T14:17:01
2026-07-30,US,2026-07-29,20.0,2.76,2026-07-30T14:17:01
2026-07-30,US,2026-07-29,30.0,2.98,2026-07-30T14:17:01
2026-07-30,EU,2026-07-29,0.25,0.472,2026-07-30T14:17:01
2026-07-30,EU,2026-07-29,0.5,0.566,2026-07-30T14:17:01
2026-07-30,EU,2026-07-29,1.0,0.672,2026-07-30T14:17:01
2026-07-30,EU,2026-07-29,2.0,0.732,2026-07-30T14:17:01
2026-07-30,EU,2026-07-29,3.0,0.755,2026-07-30T14:17:01
2026-07-30,EU,2026-07-29,5.0,0.806,2026-07-30T14:17:01
2026-07-30,EU,2026-07-29,7.0,0.909,2026-07-30T14:17:01
2026-07-30,EU,2026-07-29,10.0,1.075,2026-07-30T14:17:01
2026-07-30,EU,2026-07-29,15.0,1.287,2026-07-30T14:17:01
2026-07-30,EU,2026-07-29,20.0,1.384,2026-07-30T14:17:01
2026-07-30,EU,2026-07-29,30.0,1.396,2026-07-30T14:17:01
2026-07-31,BR,2026-07-30,2.79,8.25,2026-07-31T14:21:43
2026-07-31,BR,2026-07-30,6.05,8.27,2026-07-31T14:21:43
2026-07-31,BR,2026-07-30,8.79,8.22,2026-07-31T14:21:43
2026-07-31,BR,2026-07-30,14.05,7.83,2026-07-31T14:21:43
2026-07-31,BR,2026-07-30,18.79,7.57,2026-07-31T14:21:43
2026-07-31,BR,2026-07-30,24.04,7.54,2026-07-31T14:21:43
2026-07-31,US,2026-07-30,5.0,2.14,2026-07-31T14:21:43
2026-07-31,US,2026-07-30,7.0,2.26,2026-07-31T14:21:43
2026-07-31,US,2026-07-30,10.0,2.41,2026-07-31T14:21:43
2026-07-31,US,2026-07-30,20.0,2.77,2026-07-31T14:21:43
2026-07-31,US,2026-07-30,30.0,2.98,2026-07-31T14:21:43
2026-07-31,EU,2026-07-30,0.25,0.504,2026-07-31T14:21:43
2026-07-31,EU,2026-07-30,0.5,0.58,2026-07-31T14:21:43
2026-07-31,EU,2026-07-30,1.0,0.665,2026-07-31T14:21:43
2026-07-31,EU,2026-07-30,2.0,0.713,2026-07-31T14:21:43
2026-07-31,EU,2026-07-30,3.0,0.741,2026-07-31T14:21:43
2026-07-31,EU,2026-07-30,5.0,0.807,2026-07-31T14:21:43
2026-07-31,EU,2026-07-30,7.0,0.922,2026-07-31T14:21:43
2026-07-31,EU,2026-07-30,10.0,1.101,2026-07-31T14:21:43
2026-07-31,EU,2026-07-30,15.0,1.324,2026-07-31T14:21:43
2026-07-31,EU,2026-07-30,20.0,1.426,2026-07-31T14:21:43
2026-07-31,EU,2026-07-30,30.0,1.441,2026-07-31T14:21:43
2026-08-03,BR,2026-07-31,2.79,8.26,2026-08-03T14:51:56
2026-08-03,BR,2026-07-31,6.04,8.28,2026-08-03T14:51:56
2026-08-03,BR,2026-07-31,8.79,8.15,2026-08-03T14:51:56
2026-08-03,BR,2026-07-31,14.04,7.78,2026-08-03T14:51:56
2026-08-03,BR,2026-07-31,18.79,7.51,2026-08-03T14:51:56
2026-08-03,BR,2026-07-31,24.04,7.5,2026-08-03T14:51:56
2026-08-03,US,2026-07-31,5.0,2.19,2026-08-03T14:51:56
2026-08-03,US,2026-07-31,7.0,2.32,2026-08-03T14:51:56
2026-08-03,US,2026-07-31,10.0,2.47,2026-08-03T14:51:56
2026-08-03,US,2026-07-31,20.0,2.82,2026-08-03T14:51:56
2026-08-03,US,2026-07-31,30.0,3.03,2026-08-03T14:51:56
2026-08-03,EU,2026-07-31,0.25,0.48,2026-08-03T14:51:56
2026-08-03,EU,2026-07-31,0.5,0.586,2026-08-03T14:51:56
2026-08-03,EU,2026-07-31,1.0,0.701,2026-08-03T14:51:56
2026-08-03,EU,2026-07-31,2.0,0.761,2026-08-03T14:51:56
2026-08-03,EU,2026-07-31,3.0,0.781,2026-08-03T14:51:56
2026-08-03,EU,2026-07-31,5.0,0.836,2026-08-03T14:51:56
2026-08-03,EU,2026-07-31,7.0,0.949,2026-08-03T14:51:56
2026-08-03,EU,2026-07-31,10.0,1.127,2026-08-03T14:51:56
2026-08-03,EU,2026-07-31,15.0,1.35,2026-08-03T14:51:56
2026-08-03,EU,2026-07-31,20.0,1.448,2026-08-03T14:51:56
2026-08-03,EU,2026-07-31,30.0,1.449,2026-08-03T14:51:56
2026-08-04,BR,2026-08-03,2.78,8.15,2026-08-04T14:28:53
2026-08-04,BR,2026-08-03,6.03,8.13,2026-08-04T14:28:53
2026-08-04,BR,2026-08-03,8.78,7.98,2026-08-04T14:28:53
2026-08-04,BR,2026-08-03,14.03,7.62,2026-08-04T14:28:53
2026-08-04,BR,2026-08-03,18.78,7.37,2026-08-04T14:28:53
2026-08-04,BR,2026-08-03,24.03,7.38,2026-08-04T14:28:53
2026-08-04,US,2026-08-03,5.0,2.17,2026-08-04T14:28:53
2026-08-04,US,2026-08-03,7.0,2.29,2026-08-04T14:28:53
2026-08-04,US,2026-08-03,10.0,2.43,2026-08-04T14:28:53
2026-08-04,US,2026-08-03,20.0,2.78,2026-08-04T14:28:53
2026-08-04,US,2026-08-03,30.0,2.99,2026-08-04T14:28:53
2026-08-04,EU,2026-08-03,0.25,0.404,2026-08-04T14:28:53
2026-08-04,EU,2026-08-03,0.5,0.511,2026-08-04T14:28:53
2026-08-04,EU,2026-08-03,1.0,0.631,2026-08-04T14:28:53
2026-08-04,EU,2026-08-03,2.0,0.702,2026-08-04T14:28:53
2026-08-04,EU,2026-08-03,3.0,0.73,2026-08-04T14:28:53
2026-08-04,EU,2026-08-03,5.0,0.79,2026-08-04T14:28:53
2026-08-04,EU,2026-08-03,7.0,0.904,2026-08-04T14:28:53
2026-08-04,EU,2026-08-03,10.0,1.085,2026-08-04T14:28:53
2026-08-04,EU,2026-08-03,15.0,1.313,2026-08-04T14:28:53
2026-08-04,EU,2026-08-03,20.0,1.417,2026-08-04T14:28:53
2026-08-04,EU,2026-08-03,30.0,1.428,2026-08-04T14:28:53
2026-08-05,BR,2026-08-04,2.78,8.09,2026-08-05T14:21:43
2026-08-05,BR,2026-08-04,6.03,8.06,2026-08-05T14:21:43
2026-08-05,BR,2026-08-04,8.78,7.91,2026-08-05T14:21:43
2026-08-05,BR,2026-08-04,14.03,7.58,2026-08-05T14:21:43
2026-08-05,BR,2026-08-04,18.78,7.34,2026-08-05T14:21:43
2026-08-05,BR,2026-08-04,24.03,7.35,2026-08-05T14:21:43
2026-08-05,US,2026-08-04,5.0,2.14,2026-08-05T14:21:43
2026-08-05,US,2026-08-04,7.0,2.26,2026-08-05T14:21:43
2026-08-05,US,2026-08-04,10.0,2.4,2026-08-05T14:21:43
2026-08-05,US,2026-08-04,20.0,2.75,2026-08-05T14:21:43
2026-08-05,US,2026-08-04,30.0,2.96,2026-08-05T14:21:43
2026-08-05,EU,2026-08-04,0.25,0.33,2026-08-05T14:21:43
2026-08-05,EU,2026-08-04,0.5,0.465,2026-08-05T14:21:43
2026-08-05,EU,2026-08-04,1.0,0.604,2026-08-05T14:21:43
2026-08-05,EU,2026-08-04,2.0,0.662,2026-08-05T14:21:43
2026-08-05,EU,2026-08-04,3.0,0.675,2026-08-05T14:21:43
2026-08-05,EU,2026-08-04,5.0,0.733,2026-08-05T14:21:43
2026-08-05,EU,2026-08-04,7.0,0.856,2026-08-05T14:21:43
2026-08-05,EU,2026-08-04,10.0,1.046,2026-08-05T14:21:43
2026-08-05,EU,2026-08-04,15.0,1.28,2026-08-05T14:21:43
2026-08-05,EU,2026-08-04,20.0,1.385,2026-08-05T14:21:43
2026-08-05,EU,2026-08-04,30.0,1.394,2026-08-05T14:21:43
2026-08-06,BR,2026-08-05,2.78,8.12,2026-08-06T14:25:24
2026-08-06,BR,2026-08-05,6.03,8.09,2026-08-06T14:25:24
2026-08-06,BR,2026-08-05,8.77,7.94,2026-08-06T14:25:24
2026-08-06,BR,2026-08-05,14.03,7.58,2026-08-06T14:25:24
2026-08-06,BR,2026-08-05,18.78,7.35,2026-08-06T14:25:24
2026-08-06,BR,2026-08-05,24.03,7.36,2026-08-06T14:25:24
2026-08-06,US,2026-08-05,5.0,2.15,2026-08-06T14:25:24
2026-08-06,US,2026-08-05,7.0,2.27,2026-08-06T14:25:24
2026-08-06,US,2026-08-05,10.0,2.41,2026-08-06T14:25:24
2026-08-06,US,2026-08-05,20.0,2.75,2026-08-06T14:25:24
2026-08-06,US,2026-08-05,30.0,2.96,2026-08-06T14:25:24
2026-08-06,EU,2026-08-05,0.25,0.368,2026-08-06T14:25:24
2026-08-06,EU,2026-08-05,0.5,0.486,2026-08-06T14:25:24
2026-08-06,EU,2026-08-05,1.0,0.611,2026-08-06T14:25:24
2026-08-06,EU,2026-08-05,2.0,0.67,2026-08-06T14:25:24
2026-08-06,EU,2026-08-05,3.0,0.688,2026-08-06T14:25:24
2026-08-06,EU,2026-08-05,5.0,0.745,2026-08-06T14:25:24
2026-08-06,EU,2026-08-05,7.0,0.862,2026-08-06T14:25:24
2026-08-06,EU,2026-08-05,10.0,1.047,2026-08-06T14:25:24
2026-08-06,EU,2026-08-05,15.0,1.276,2026-08-06T14:25:24
2026-08-06,EU,2026-08-05,20.0,1.382,2026-08-06T14:25:24
2026-08-06,EU,2026-08-05,30.0,1.397,2026-08-06T14:25:24
2026-08-07,BR,2026-08-06,2.77,8.19,2026-08-07T13:15:52
2026-08-07,BR,2026-08-06,6.03,8.17,2026-08-07T13:15:52
2026-08-07,BR,2026-08-06,8.77,8.04,2026-08-07T13:15:52
2026-08-07,BR,2026-08-06,14.03,7.66,2026-08-07T13:15:52
2026-08-07,BR,2026-08-06,18.77,7.44,2026-08-07T13:15:52
2026-08-07,BR,2026-08-06,24.02,7.43,2026-08-07T13:15:52
2026-08-07,US,2026-08-06,5.0,2.17,2026-08-07T13:15:52
2026-08-07,US,2026-08-06,7.0,2.29,2026-08-07T13:15:52
2026-08-07,US,2026-08-06,10.0,2.43,2026-08-07T13:15:52
2026-08-07,US,2026-08-06,20.0,2.78,2026-08-07T13:15:52
2026-08-07,US,2026-08-06,30.0,2.98,2026-08-07T13:15:52
2026-08-07,EU,2026-08-06,0.25,0.36,2026-08-07T13:15:52
2026-08-07,EU,2026-08-06,0.5,0.475,2026-08-07T13:15:52
2026-08-07,EU,2026-08-06,1.0,0.603,2026-08-07T13:15:52
2026-08-07,EU,2026-08-06,2.0,0.673,2026-08-07T13:15:52
2026-08-07,EU,2026-08-06,3.0,0.696,2026-08-07T13:15:52
2026-08-07,EU,2026-08-06,5.0,0.753,2026-08-07T13:15:52
2026-08-07,EU,2026-08-06,7.0,0.867,2026-08-07T13:15:52
2026-08-07,EU,2026-08-06,10.0,1.047,2026-08-07T13:15:52
2026-08-07,EU,2026-08-06,15.0,1.274,2026-08-07T13:15:52
2026-08-07,EU,2026-08-06,20.0,1.379,2026-08-07T13:15:52
2026-08-07,EU,2026-08-06,30.0,1.397,2026-08-07T13:15:52
2026-08-10,US,2026-08-07,5.0,2.13,2026-08-10T13:20:53
2026-08-10,US,2026-08-07,7.0,2.25,2026-08-10T13:20:53
2026-08-10,US,2026-08-07,10.0,2.4,2026-08-10T13:20:53
2026-08-10,US,2026-08-07,20.0,2.75,2026-08-10T13:20:53
2026-08-10,US,2026-08-07,30.0,2.96,2026-08-10T13:20:53
2026-08-10,EU,2026-08-07,0.25,0.434,2026-08-10T13:20:53
2026-08-10,EU,2026-08-07,0.5,0.516,2026-08-10T13:20:53
2026-08-10,EU,2026-08-07,1.0,0.609,2026-08-10T13:20:53
2026-08-10,EU,2026-08-07,2.0,0.666,2026-08-10T13:20:53
2026-08-10,EU,2026-08-07,3.0,0.696,2026-08-10T13:20:53
2026-08-10,EU,2026-08-07,5.0,0.762,2026-08-10T13:20:53
2026-08-10,EU,2026-08-07,7.0,0.875,2026-08-10T13:20:53
2026-08-10,EU,2026-08-07,10.0,1.052,2026-08-10T13:20:53
2026-08-10,EU,2026-08-07,15.0,1.279,2026-08-10T13:20:53
2026-08-10,EU,2026-08-07,20.0,1.389,2026-08-10T13:20:53
2026-08-10,EU,2026-08-07,30.0,1.422,2026-08-10T13:20:53
2026-08-11,BR,2026-08-10,2.76,8.06,2026-08-11T13:18:05
2026-08-11,BR,2026-08-10,6.02,8.08,2026-08-11T13:18:05
2026-08-11,BR,2026-08-10,8.76,7.96,2026-08-11T13:18:05
2026-08-11,BR,2026-08-10,14.02,7.66,2026-08-11T13:18:05
2026-08-11,BR,2026-08-10,18.76,7.45,2026-08-11T13:18:05
2026-08-11,BR,2026-08-10,24.01,7.39,2026-08-11T13:18:05
2026-08-11,US,2026-08-10,5.0,2.16,2026-08-11T13:18:05
2026-08-11,US,2026-08-10,7.0,2.28,2026-08-11T13:18:05
2026-08-11,US,2026-08-10,10.0,2.43,2026-08-11T13:18:05
2026-08-11,US,2026-08-10,20.0,2.79,2026-08-11T13:18:05
2026-08-11,US,2026-08-10,30.0,3.0,2026-08-11T13:18:05
2026-08-11,EU,2026-08-10,0.25,0.418,2026-08-11T13:18:05
2026-08-11,EU,2026-08-10,0.5,0.524,2026-08-11T13:18:05
2026-08-11,EU,2026-08-10,1.0,0.645,2026-08-11T13:18:05
2026-08-11,EU,2026-08-10,2.0,0.721,2026-08-11T13:18:05
2026-08-11,EU,2026-08-10,3.0,0.752,2026-08-11T13:18:05
2026-08-11,EU,2026-08-10,5.0,0.813,2026-08-11T13:18:05
2026-08-11,EU,2026-08-10,7.0,0.923,2026-08-11T13:18:05
2026-08-11,EU,2026-08-10,10.0,1.099,2026-08-11T13:18:05
2026-08-11,EU,2026-08-10,15.0,1.324,2026-08-11T13:18:05
2026-08-11,EU,2026-08-10,20.0,1.43,2026-08-11T13:18:05
2026-08-11,EU,2026-08-10,30.0,1.45,2026-08-11T13:18:05
2026-08-12,BR,2026-08-11,2.76,8.08,2026-08-12T13:21:51
2026-08-12,BR,2026-08-11,6.01,8.12,2026-08-12T13:21:51
2026-08-12,BR,2026-08-11,8.76,8.02,2026-08-12T13:21:51
2026-08-12,BR,2026-08-11,14.01,7.7,2026-08-12T13:21:51
2026-08-12,BR,2026-08-11,18.76,7.49,2026-08-12T13:21:51
2026-08-12,BR,2026-08-11,24.01,7.42,2026-08-12T13:21:51
2026-08-12,US,2026-08-11,5.0,2.16,2026-08-12T13:21:51
2026-08-12,US,2026-08-11,7.0,2.28,2026-08-12T13:21:51
2026-08-12,US,2026-08-11,10.0,2.43,2026-08-12T13:21:51
2026-08-12,US,2026-08-11,20.0,2.79,2026-08-12T13:21:51
2026-08-12,US,2026-08-11,30.0,3.0,2026-08-12T13:21:51
2026-08-12,EU,2026-08-11,0.25,0.479,2026-08-12T13:21:51
2026-08-12,EU,2026-08-11,0.5,0.563,2026-08-12T13:21:51
2026-08-12,EU,2026-08-11,1.0,0.657,2026-08-12T13:21:51
2026-08-12,EU,2026-08-11,2.0,0.709,2026-08-12T13:21:51
2026-08-12,EU,2026-08-11,3.0,0.733,2026-08-12T13:21:51
2026-08-12,EU,2026-08-11,5.0,0.792,2026-08-12T13:21:51
2026-08-12,EU,2026-08-11,7.0,0.902,2026-08-12T13:21:51
2026-08-12,EU,2026-08-11,10.0,1.076,2026-08-12T13:21:51
2026-08-12,EU,2026-08-11,15.0,1.299,2026-08-12T13:21:51
2026-08-12,EU,2026-08-11,20.0,1.405,2026-08-12T13:21:51
2026-08-12,EU,2026-08-11,30.0,1.431,2026-08-12T13:21:51
2026-08-13,BR,2026-08-12,2.76,8.04,2026-08-13T13:23:31
2026-08-13,BR,2026-08-12,6.01,8.08,2026-08-13T13:23:31
2026-08-13,BR,2026-08-12,8.76,7.97,2026-08-13T13:23:31
2026-08-13,BR,2026-08-12,14.01,7.66,2026-08-13T13:23:31
2026-08-13,BR,2026-08-12,18.76,7.45,2026-08-13T13:23:31
2026-08-13,BR,2026-08-12,24.01,7.38,2026-08-13T13:23:31
2026-08-13,US,2026-08-12,5.0,2.14,2026-08-13T13:23:31
2026-08-13,US,2026-08-12,7.0,2.26,2026-08-13T13:23:31
2026-08-13,US,2026-08-12,10.0,2.42,2026-08-13T13:23:31
2026-08-13,US,2026-08-12,20.0,2.78,2026-08-13T13:23:31
2026-08-13,US,2026-08-12,30.0,2.99,2026-08-13T13:23:31
2026-08-13,EU,2026-08-12,0.25,0.482,2026-08-13T13:23:31
2026-08-13,EU,2026-08-12,0.5,0.567,2026-08-13T13:23:31
2026-08-13,EU,2026-08-12,1.0,0.657,2026-08-13T13:23:31
2026-08-13,EU,2026-08-12,2.0,0.701,2026-08-13T13:23:31
2026-08-13,EU,2026-08-12,3.0,0.72,2026-08-13T13:23:31
2026-08-13,EU,2026-08-12,5.0,0.778,2026-08-13T13:23:31
2026-08-13,EU,2026-08-12,7.0,0.89,2026-08-13T13:23:31
2026-08-13,EU,2026-08-12,10.0,1.065,2026-08-13T13:23:31
2026-08-13,EU,2026-08-12,15.0,1.288,2026-08-13T13:23:31
2026-08-13,EU,2026-08-12,20.0,1.393,2026-08-13T13:23:31
2026-08-13,EU,2026-08-12,30.0,1.417,2026-08-13T13:23:31
2026-08-14,US,2026-08-13,5.0,2.11,2026-08-14T13:18:09
2026-08-14,US,2026-08-13,7.0,2.23,2026-08-14T13:18:09
2026-08-14,US,2026-08-13,10.0,2.39,2026-08-14T13:18:09
2026-08-14,US,2026-08-13,20.0,2.76,2026-08-14T13:18:09
2026-08-14,US,2026-08-13,30.0,2.97,2026-08-14T13:18:09
2026-08-14,EU,2026-08-13,0.25,0.468,2026-08-14T13:18:09
2026-08-14,EU,2026-08-13,0.5,0.549,2026-08-14T13:18:09
2026-08-14,EU,2026-08-13,1.0,0.639,2026-08-14T13:18:09
2026-08-14,EU,2026-08-13,2.0,0.691,2026-08-14T13:18:09
2026-08-14,EU,2026-08-13,3.0,0.717,2026-08-14T13:18:09
2026-08-14,EU,2026-08-13,5.0,0.776,2026-08-14T13:18:09
2026-08-14,EU,2026-08-13,7.0,0.884,2026-08-14T13:18:09
2026-08-14,EU,2026-08-13,10.0,1.056,2026-08-14T13:18:09
2026-08-14,EU,2026-08-13,15.0,1.279,2026-08-14T13:18:09
2026-08-14,EU,2026-08-13,20.0,1.389,2026-08-14T13:18:09
2026-08-14,EU,2026-08-13,30.0,1.426,2026-08-14T13:18:09
2026-08-17,BR,2026-08-14,2.75,8.04,2026-08-17T12:54:10
2026-08-17,BR,2026-08-14,6.0,8.12,2026-08-17T12:54:10
2026-08-17,BR,2026-08-14,8.75,7.98,2026-08-17T12:54:10
2026-08-17,BR,2026-08-14,14.0,7.66,2026-08-17T12:54:10
2026-08-17,BR,2026-08-14,18.75,7.45,2026-08-17T12:54:10
2026-08-17,BR,2026-08-14,24.0,7.4,2026-08-17T12:54:10
2026-08-17,US,2026-08-14,5.0,2.12,2026-08-17T12:54:10
2026-08-17,US,2026-08-14,7.0,2.25,2026-08-17T12:54:10
2026-08-17,US,2026-08-14,10.0,2.41,2026-08-17T12:54:10
2026-08-17,US,2026-08-14,20.0,2.78,2026-08-17T12:54:10
2026-08-17,US,2026-08-14,30.0,3.0,2026-08-17T12:54:10
2026-08-17,EU,2026-08-14,0.25,0.492,2026-08-17T12:54:10
2026-08-17,EU,2026-08-14,0.5,0.581,2026-08-17T12:54:10
2026-08-17,EU,2026-08-14,1.0,0.678,2026-08-17T12:54:10
2026-08-17,EU,2026-08-14,2.0,0.728,2026-08-17T12:54:10
2026-08-17,EU,2026-08-14,3.0,0.75,2026-08-17T12:54:10
2026-08-17,EU,2026-08-14,5.0,0.813,2026-08-17T12:54:10
2026-08-17,EU,2026-08-14,7.0,0.929,2026-08-17T12:54:10
2026-08-17,EU,2026-08-14,10.0,1.113,2026-08-17T12:54:10
2026-08-17,EU,2026-08-14,15.0,1.345,2026-08-17T12:54:10
2026-08-17,EU,2026-08-14,20.0,1.456,2026-08-17T12:54:10
2026-08-17,EU,2026-08-14,30.0,1.484,2026-08-17T12:54:10
2026-08-18,BR,2026-08-17,2.74,8.04,2026-08-18T12:55:57
2026-08-18,BR,2026-08-17,6.0,8.15,2026-08-18T12:55:57
2026-08-18,BR,2026-08-17,8.74,7.99,2026-08-18T12:55:57
2026-08-18,BR,2026-08-17,14.0,7.63,2026-08-18T12:55:57
2026-08-18,BR,2026-08-17,18.74,7.42,2026-08-18T12:55:57
2026-08-18,BR,2026-08-17,23.99,7.35,2026-08-18T12:55:57
2026-08-18,US,2026-08-17,5.0,2.13,2026-08-18T12:55:57
2026-08-18,US,2026-08-17,7.0,2.27,2026-08-18T12:55:57
2026-08-18,US,2026-08-17,10.0,2.44,2026-08-18T12:55:57
2026-08-18,US,2026-08-17,20.0,2.84,2026-08-18T12:55:57
2026-08-18,US,2026-08-17,30.0,3.06,2026-08-18T12:55:57
2026-08-18,EU,2026-08-17,0.25,0.456,2026-08-18T12:55:57
2026-08-18,EU,2026-08-17,0.5,0.559,2026-08-18T12:55:57
2026-08-18,EU,2026-08-17,1.0,0.673,2026-08-18T12:55:57
2026-08-18,EU,2026-08-17,2.0,0.736,2026-08-18T12:55:57
2026-08-18,EU,2026-08-17,3.0,0.763,2026-08-18T12:55:57
2026-08-18,EU,2026-08-17,5.0,0.831,2026-08-18T12:55:57
2026-08-18,EU,2026-08-17,7.0,0.953,2026-08-18T12:55:57
2026-08-18,EU,2026-08-17,10.0,1.142,2026-08-18T12:55:57
2026-08-18,EU,2026-08-17,15.0,1.379,2026-08-18T12:55:57
2026-08-18,EU,2026-08-17,20.0,1.488,2026-08-18T12:55:57
2026-08-18,EU,2026-08-17,30.0,1.506,2026-08-18T12:55:57
2026-08-19,BR,2026-08-18,2.74,8.04,2026-08-19T12:56:49
2026-08-19,BR,2026-08-18,5.99,8.14,2026-08-19T12:56:49
2026-08-19,BR,2026-08-18,8.74,7.96,2026-08-19T12:56:49
2026-08-19,BR,2026-08-18,13.99,7.59,2026-08-19T12:56:49
2026-08-19,BR,2026-08-18,18.74,7.4,2026-08-19T12:56:49
2026-08-19,BR,2026-08-18,23.99,7.31,2026-08-19T12:56:49
2026-08-19,US,2026-08-18,5.0,2.1,2026-08-19T12:56:49
2026-08-19,US,2026-08-18,7.0,2.24,2026-08-19T12:56:49
2026-08-19,US,2026-08-18,10.0,2.41,2026-08-19T12:56:49
2026-08-19,US,2026-08-18,20.0,2.81,2026-08-19T12:56:49
2026-08-19,US,2026-08-18,30.0,3.03,2026-08-19T12:56:49
2026-08-19,EU,2026-08-18,0.25,0.439,2026-08-19T12:56:49
2026-08-19,EU,2026-08-18,0.5,0.558,2026-08-19T12:56:49
2026-08-19,EU,2026-08-18,1.0,0.695,2026-08-19T12:56:49
2026-08-19,EU,2026-08-18,2.0,0.78,2026-08-19T12:56:49
2026-08-19,EU,2026-08-18,3.0,0.814,2026-08-19T12:56:49
2026-08-19,EU,2026-08-18,5.0,0.881,2026-08-19T12:56:49
2026-08-19,EU,2026-08-18,7.0,1.001,2026-08-19T12:56:49
2026-08-19,EU,2026-08-18,10.0,1.189,2026-08-19T12:56:49
2026-08-19,EU,2026-08-18,15.0,1.423,2026-08-19T12:56:49
2026-08-19,EU,2026-08-18,20.0,1.529,2026-08-19T12:56:49
2026-08-19,EU,2026-08-18,30.0,1.538,2026-08-19T12:56:49
2026-08-20,BR,2026-08-19,2.74,8.05,2026-08-20T12:59:12
2026-08-20,BR,2026-08-19,5.99,8.09,2026-08-20T12:59:12
2026-08-20,BR,2026-08-19,8.74,7.92,2026-08-20T12:59:12
2026-08-20,BR,2026-08-19,13.99,7.54,2026-08-20T12:59:12
2026-08-20,BR,2026-08-19,18.74,7.35,2026-08-20T12:59:12
2026-08-20,BR,2026-08-19,23.99,7.28,2026-08-20T12:59:12
2026-08-20,US,2026-08-19,5.0,2.07,2026-08-20T12:59:12
2026-08-20,US,2026-08-19,7.0,2.19,2026-08-20T12:59:12
2026-08-20,US,2026-08-19,10.0,2.35,2026-08-20T12:59:12
2026-08-20,US,2026-08-19,20.0,2.72,2026-08-20T12:59:12
2026-08-20,US,2026-08-19,30.0,2.94,2026-08-20T12:59:12
2026-08-20,EU,2026-08-19,0.25,0.47,2026-08-20T12:59:12
2026-08-20,EU,2026-08-19,0.5,0.573,2026-08-20T12:59:12
2026-08-20,EU,2026-08-19,1.0,0.695,2026-08-20T12:59:12
2026-08-20,EU,2026-08-19,2.0,0.781,2026-08-20T12:59:12
2026-08-20,EU,2026-08-19,3.0,0.821,2026-08-20T12:59:12
2026-08-20,EU,2026-08-19,5.0,0.889,2026-08-20T12:59:12
2026-08-20,EU,2026-08-19,7.0,1.002,2026-08-20T12:59:12
2026-08-20,EU,2026-08-19,10.0,1.178,2026-08-20T12:59:12
2026-08-20,EU,2026-08-19,15.0,1.401,2026-08-20T12:59:12
2026-08-20,EU,2026-08-19,20.0,1.502,2026-08-20T12:59:12
2026-08-20,EU,2026-08-19,30.0,1.51,2026-08-20T12:59:12
2026-08-21,BR,2026-08-20,2.74,8.05,2026-08-21T12:58:08
2026-08-21,BR,2026-08-20,5.99,8.09,2026-08-21T12:58:08
2026-08-21,BR,2026-08-20,8.73,7.93,2026-08-21T12:58:08
2026-08-21,BR,2026-08-20,13.99,7.56,2026-08-21T12:58:08
2026-08-21,BR,2026-08-20,18.74,7.39,2026-08-21T12:58:08
2026-08-21,BR,2026-08-20,23.99,7.34,2026-08-21T12:58:08
2026-08-21,US,2026-08-20,5.0,2.05,2026-08-21T12:58:08
2026-08-21,US,2026-08-20,7.0,2.18,2026-08-21T12:58:08
2026-08-21,US,2026-08-20,10.0,2.35,2026-08-21T12:58:08
2026-08-21,US,2026-08-20,20.0,2.73,2026-08-21T12:58:08
2026-08-21,US,2026-08-20,30.0,2.95,2026-08-21T12:58:08
2026-08-21,EU,2026-08-20,0.25,0.495,2026-08-21T12:58:08
2026-08-21,EU,2026-08-20,0.5,0.6,2026-08-21T12:58:08
2026-08-21,EU,2026-08-20,1.0,0.719,2026-08-21T12:58:08
2026-08-21,EU,2026-08-20,2.0,0.791,2026-08-21T12:58:08
2026-08-21,EU,2026-08-20,3.0,0.821,2026-08-21T12:58:08
2026-08-21,EU,2026-08-20,5.0,0.884,2026-08-21T12:58:08
2026-08-21,EU,2026-08-20,7.0,0.999,2026-08-21T12:58:08
2026-08-21,EU,2026-08-20,10.0,1.179,2026-08-21T12:58:08
2026-08-21,EU,2026-08-20,15.0,1.406,2026-08-21T12:58:08
2026-08-21,EU,2026-08-20,20.0,1.511,2026-08-21T12:58:08
2026-08-21,EU,2026-08-20,30.0,1.526,2026-08-21T12:58:08
2026-08-24,BR,2026-08-21,2.73,7.9,2026-08-24T13:00:32
2026-08-24,BR,2026-08-21,5.98,7.97,2026-08-24T13:00:32
2026-08-24,BR,2026-08-21,8.73,7.82,2026-08-24T13:00:32
2026-08-24,BR,2026-08-21,13.98,7.47,2026-08-24T13:00:32
2026-08-24,BR,2026-08-21,18.73,7.33,2026-08-24T13:00:32
2026-08-24,BR,2026-08-21,23.98,7.27,2026-08-24T13:00:32
2026-08-24,US,2026-08-21,5.0,2.09,2026-08-24T13:00:32
2026-08-24,US,2026-08-21,7.0,2.23,2026-08-24T13:00:32
2026-08-24,US,2026-08-21,10.0,2.4,2026-08-24T13:00:32
2026-08-24,US,2026-08-21,20.0,2.78,2026-08-24T13:00:32
2026-08-24,US,2026-08-21,30.0,3.0,2026-08-24T13:00:32
2026-08-24,EU,2026-08-21,0.25,0.503,2026-08-24T13:00:32
2026-08-24,EU,2026-08-21,0.5,0.594,2026-08-24T13:00:32
2026-08-24,EU,2026-08-21,1.0,0.696,2026-08-24T13:00:32
2026-08-24,EU,2026-08-21,2.0,0.761,2026-08-24T13:00:32
2026-08-24,EU,2026-08-21,3.0,0.795,2026-08-24T13:00:32
2026-08-24,EU,2026-08-21,5.0,0.868,2026-08-24T13:00:32
2026-08-24,EU,2026-08-21,7.0,0.988,2026-08-24T13:00:32
2026-08-24,EU,2026-08-21,10.0,1.171,2026-08-24T13:00:32
2026-08-24,EU,2026-08-21,15.0,1.399,2026-08-24T13:00:32
2026-08-24,EU,2026-08-21,20.0,1.505,2026-08-24T13:00:32
2026-08-24,EU,2026-08-21,30.0,1.523,2026-08-24T13:00:32
2026-08-25,BR,2026-08-21,2.73,7.9,2026-08-25T12:56:37
2026-08-25,BR,2026-08-21,5.98,7.97,2026-08-25T12:56:37
2026-08-25,BR,2026-08-21,8.73,7.82,2026-08-25T12:56:37
2026-08-25,BR,2026-08-21,13.98,7.47,2026-08-25T12:56:37
2026-08-25,BR,2026-08-21,18.73,7.33,2026-08-25T12:56:37
2026-08-25,BR,2026-08-21,23.98,7.27,2026-08-25T12:56:37
2026-08-25,US,2026-08-24,5.0,2.09,2026-08-25T12:56:37
2026-08-25,US,2026-08-24,7.0,2.22,2026-08-25T12:56:37
2026-08-25,US,2026-08-24,10.0,2.38,2026-08-25T12:56:37
2026-08-25,US,2026-08-24,20.0,2.75,2026-08-25T12:56:37
2026-08-25,US,2026-08-24,30.0,2.97,2026-08-25T12:56:37
2026-08-25,EU,2026-08-24,0.25,0.516,2026-08-25T12:56:37
2026-08-25,EU,2026-08-24,0.5,0.616,2026-08-25T12:56:37
2026-08-25,EU,2026-08-24,1.0,0.729,2026-08-25T12:56:37
2026-08-25,EU,2026-08-24,2.0,0.796,2026-08-25T12:56:37
2026-08-25,EU,2026-08-24,3.0,0.825,2026-08-25T12:56:37
2026-08-25,EU,2026-08-24,5.0,0.888,2026-08-25T12:56:37
2026-08-25,EU,2026-08-24,7.0,1.002,2026-08-25T12:56:37
2026-08-25,EU,2026-08-24,10.0,1.18,2026-08-25T12:56:37
2026-08-25,EU,2026-08-24,15.0,1.405,2026-08-25T12:56:37
2026-08-25,EU,2026-08-24,20.0,1.51,2026-08-25T12:56:37
2026-08-25,EU,2026-08-24,30.0,1.526,2026-08-25T12:56:37
2026-08-26,BR,2026-08-21,2.73,7.9,2026-08-26T13:02:45
2026-08-26,BR,2026-08-21,5.98,7.97,2026-08-26T13:02:45
2026-08-26,BR,2026-08-21,8.73,7.82,2026-08-26T13:02:45
2026-08-26,BR,2026-08-21,13.98,7.47,2026-08-26T13:02:45
2026-08-26,BR,2026-08-21,18.73,7.33,2026-08-26T13:02:45
2026-08-26,BR,2026-08-21,23.98,7.27,2026-08-26T13:02:45
2026-08-26,US,2026-08-25,5.0,2.04,2026-08-26T13:02:45
2026-08-26,US,2026-08-25,7.0,2.16,2026-08-26T13:02:45
2026-08-26,US,2026-08-25,10.0,2.32,2026-08-26T13:02:45
2026-08-26,US,2026-08-25,20.0,2.7,2026-08-26T13:02:45
2026-08-26,US,2026-08-25,30.0,2.92,2026-08-26T13:02:45
2026-08-26,EU,2026-08-25,0.25,0.503,2026-08-26T13:02:45
2026-08-26,EU,2026-08-25,0.5,0.596,2026-08-26T13:02:45
2026-08-26,EU,2026-08-25,1.0,0.697,2026-08-26T13:02:45
2026-08-26,EU,2026-08-25,2.0,0.75,2026-08-26T13:02:45
2026-08-26,EU,2026-08-25,3.0,0.776,2026-08-26T13:02:45
2026-08-26,EU,2026-08-25,5.0,0.842,2026-08-26T13:02:45
2026-08-26,EU,2026-08-25,7.0,0.961,2026-08-26T13:02:45
2026-08-26,EU,2026-08-25,10.0,1.145,2026-08-26T13:02:45
2026-08-26,EU,2026-08-25,15.0,1.373,2026-08-26T13:02:45
2026-08-26,EU,2026-08-25,20.0,1.48,2026-08-26T13:02:45
2026-08-26,EU,2026-08-25,30.0,1.5,2026-08-26T13:02:45
2026-08-27,BR,2026-08-26,2.72,8.0,2026-08-27T22:05:35
2026-08-27,BR,2026-08-26,5.97,7.95,2026-08-27T22:05:35
2026-08-27,BR,2026-08-26,8.72,7.76,2026-08-27T22:05:35
2026-08-27,BR,2026-08-26,13.97,7.44,2026-08-27T22:05:35
2026-08-27,BR,2026-08-26,18.72,7.28,2026-08-27T22:05:35
2026-08-27,BR,2026-08-26,23.97,7.23,2026-08-27T22:05:35
2026-08-27,US,2026-08-27,5.0,2.07,2026-08-27T22:05:35
2026-08-27,US,2026-08-27,7.0,2.19,2026-08-27T22:05:35
2026-08-27,US,2026-08-27,10.0,2.34,2026-08-27T22:05:35
2026-08-27,US,2026-08-27,20.0,2.71,2026-08-27T22:05:35
2026-08-27,US,2026-08-27,30.0,2.92,2026-08-27T22:05:35
2026-08-27,EU,2026-08-26,0.25,0.518,2026-08-27T22:05:35
2026-08-27,EU,2026-08-26,0.5,0.606,2026-08-27T22:05:35
2026-08-27,EU,2026-08-26,1.0,0.702,2026-08-27T22:05:35
2026-08-27,EU,2026-08-26,2.0,0.755,2026-08-27T22:05:35
2026-08-27,EU,2026-08-26,3.0,0.782,2026-08-27T22:05:35
2026-08-27,EU,2026-08-26,5.0,0.85,2026-08-27T22:05:35
2026-08-27,EU,2026-08-26,7.0,0.967,2026-08-27T22:05:35
2026-08-27,EU,2026-08-26,10.0,1.149,2026-08-27T22:05:35
2026-08-27,EU,2026-08-26,15.0,1.374,2026-08-27T22:05:35
2026-08-27,EU,2026-08-26,20.0,1.479,2026-08-27T22:05:35
2026-08-27,EU,2026-08-26,30.0,1.499,2026-08-27T22:05:35
2026-08-28,BR,2026-08-27,2.72,8.05,2026-08-28T22:03:30
2026-08-28,BR,2026-08-27,5.97,8.0,2026-08-28T22:03:30
2026-08-28,BR,2026-08-27,8.71,7.81,2026-08-28T22:03:30
2026-08-28,BR,2026-08-27,13.97,7.46,2026-08-28T22:03:30
2026-08-28,BR,2026-08-27,18.72,7.32,2026-08-28T22:03:30
2026-08-28,BR,2026-08-27,23.97,7.26,2026-08-28T22:03:30
2026-08-28,US,2026-08-28,5.0,2.18,2026-08-28T22:03:30
2026-08-28,US,2026-08-28,7.0,2.29,2026-08-28T22:03:30
2026-08-28,US,2026-08-28,10.0,2.42,2026-08-28T22:03:30
2026-08-28,US,2026-08-28,20.0,2.76,2026-08-28T22:03:30
2026-08-28,US,2026-08-28,30.0,2.96,2026-08-28T22:03:30
2026-08-28,EU,2026-08-27,0.25,0.52,2026-08-28T22:03:30
2026-08-28,EU,2026-08-27,0.5,0.616,2026-08-28T22:03:30
2026-08-28,EU,2026-08-27,1.0,0.722,2026-08-28T22:03:30
2026-08-28,EU,2026-08-27,2.0,0.785,2026-08-28T22:03:30
2026-08-28,EU,2026-08-27,3.0,0.814,2026-08-28T22:03:30
2026-08-28,EU,2026-08-27,5.0,0.88,2026-08-28T22:03:30
2026-08-28,EU,2026-08-27,7.0,0.997,2026-08-28T22:03:30
2026-08-28,EU,2026-08-27,10.0,1.177,2026-08-28T22:03:30
2026-08-28,EU,2026-08-27,15.0,1.403,2026-08-28T22:03:30
2026-08-28,EU,2026-08-27,20.0,1.508,2026-08-28T22:03:30
2026-08-28,EU,2026-08-27,30.0,1.527,2026-08-28T22:03:30
2026-08-31,US,2026-08-28,5.0,2.18,2026-08-31T19:00:17
2026-08-31,US,2026-08-28,7.0,2.29,2026-08-31T19:00:17
2026-08-31,US,2026-08-28,10.0,2.42,2026-08-31T19:00:17
2026-08-31,US,2026-08-28,20.0,2.76,2026-08-31T19:00:17
2026-08-31,US,2026-08-28,30.0,2.96,2026-08-31T19:00:17
2026-08-31,EU,2026-08-28,0.25,0.511,2026-08-31T19:00:17
2026-08-31,EU,2026-08-28,0.5,0.615,2026-08-31T19:00:17
2026-08-31,EU,2026-08-28,1.0,0.734,2026-08-31T19:00:17
2026-08-31,EU,2026-08-28,2.0,0.805,2026-08-31T19:00:17
2026-08-31,EU,2026-08-28,3.0,0.834,2026-08-31T19:00:17
2026-08-31,EU,2026-08-28,5.0,0.893,2026-08-31T19:00:17
2026-08-31,EU,2026-08-28,7.0,1.003,2026-08-31T19:00:17
2026-08-31,EU,2026-08-28,10.0,1.179,2026-08-31T19:00:17
2026-08-31,EU,2026-08-28,15.0,1.402,2026-08-31T19:00:17
2026-08-31,EU,2026-08-28,20.0,1.507,2026-08-31T19:00:17
2026-08-31,EU,2026-08-28,30.0,1.528,2026-08-31T19:00:17
2026-09-01,BR,2026-08-31,2.7,7.9,2026-09-01T16:23:55
2026-09-01,BR,2026-08-31,5.96,7.97,2026-09-01T16:23:55
2026-09-01,BR,2026-08-31,8.7,7.8,2026-09-01T16:23:55
2026-09-01,BR,2026-08-31,13.96,7.42,2026-09-01T16:23:55
2026-09-01,BR,2026-08-31,18.7,7.28,2026-09-01T16:23:55
2026-09-01,BR,2026-08-31,23.96,7.25,2026-09-01T16:23:55
2026-09-01,US,2026-08-31,5.0,2.18,2026-09-01T16:23:55
2026-09-01,US,2026-08-31,7.0,2.29,2026-09-01T16:23:55
2026-09-01,US,2026-08-31,10.0,2.44,2026-09-01T16:23:55
2026-09-01,US,2026-08-31,20.0,2.78,2026-09-01T16:23:55
2026-09-01,US,2026-08-31,30.0,2.99,2026-09-01T16:23:55
2026-09-01,EU,2026-08-31,0.25,0.52,2026-09-01T16:23:55
2026-09-01,EU,2026-08-31,0.5,0.632,2026-09-01T16:23:55
2026-09-01,EU,2026-08-31,1.0,0.764,2026-09-01T16:23:55
2026-09-01,EU,2026-08-31,2.0,0.856,2026-09-01T16:23:55
2026-09-01,EU,2026-08-31,3.0,0.895,2026-09-01T16:23:55
2026-09-01,EU,2026-08-31,5.0,0.958,2026-09-01T16:23:55
2026-09-01,EU,2026-08-31,7.0,1.066,2026-09-01T16:23:55
2026-09-01,EU,2026-08-31,10.0,1.24,2026-09-01T16:23:55
2026-09-01,EU,2026-08-31,15.0,1.461,2026-09-01T16:23:55
2026-09-01,EU,2026-08-31,20.0,1.563,2026-09-01T16:23:55
2026-09-01,EU,2026-08-31,30.0,1.576,2026-09-01T16:23:55
2026-09-02,BR,2026-09-01,2.7,7.98,2026-09-02T16:21:31
2026-09-02,BR,2026-09-01,5.95,8.11,2026-09-02T16:21:31
2026-09-02,BR,2026-09-01,8.7,7.92,2026-09-02T16:21:31
2026-09-02,BR,2026-09-01,13.95,7.54,2026-09-02T16:21:31
2026-09-02,BR,2026-09-01,18.7,7.42,2026-09-02T16:21:31
2026-09-02,BR,2026-09-01,23.95,7.4,2026-09-02T16:21:31
2026-09-02,US,2026-09-01,5.0,2.18,2026-09-02T16:21:31
2026-09-02,US,2026-09-01,7.0,2.3,2026-09-02T16:21:31
2026-09-02,US,2026-09-01,10.0,2.44,2026-09-02T16:21:31
2026-09-02,US,2026-09-01,20.0,2.78,2026-09-02T16:21:31
2026-09-02,US,2026-09-01,30.0,2.98,2026-09-02T16:21:31
2026-09-02,EU,2026-09-01,0.25,0.521,2026-09-02T16:21:31
2026-09-02,EU,2026-09-01,0.5,0.639,2026-09-02T16:21:31
2026-09-02,EU,2026-09-01,1.0,0.779,2026-09-02T16:21:31
2026-09-02,EU,2026-09-01,2.0,0.876,2026-09-02T16:21:31
2026-09-02,EU,2026-09-01,3.0,0.915,2026-09-02T16:21:31
2026-09-02,EU,2026-09-01,5.0,0.976,2026-09-02T16:21:31
2026-09-02,EU,2026-09-01,7.0,1.083,2026-09-02T16:21:31
2026-09-02,EU,2026-09-01,10.0,1.255,2026-09-02T16:21:31
2026-09-02,EU,2026-09-01,15.0,1.475,2026-09-02T16:21:31
2026-09-02,EU,2026-09-01,20.0,1.576,2026-09-02T16:21:31
2026-09-02,EU,2026-09-01,30.0,1.587,2026-09-02T16:21:31
2026-09-03,BR,2026-09-02,2.7,7.85,2026-09-03T16:11:54
2026-09-03,BR,2026-09-02,5.95,7.97,2026-09-03T16:11:54
2026-09-03,BR,2026-09-02,8.7,7.78,2026-09-03T16:11:54
2026-09-03,BR,2026-09-02,13.95,7.44,2026-09-03T16:11:54
2026-09-03,BR,2026-09-02,18.7,7.31,2026-09-03T16:11:54
2026-09-03,BR,2026-09-02,23.95,7.3,2026-09-03T16:11:54
2026-09-03,US,2026-09-02,5.0,2.19,2026-09-03T16:11:54
2026-09-03,US,2026-09-02,7.0,2.31,2026-09-03T16:11:54
2026-09-03,US,2026-09-02,10.0,2.45,2026-09-03T16:11:54
2026-09-03,US,2026-09-02,20.0,2.78,2026-09-03T16:11:54
2026-09-03,US,2026-09-02,30.0,2.98,2026-09-03T16:11:54
2026-09-03,EU,2026-09-02,0.25,0.528,2026-09-03T16:11:54
2026-09-03,EU,2026-09-02,0.5,0.659,2026-09-03T16:11:54
2026-09-03,EU,2026-09-02,1.0,0.812,2026-09-03T16:11:54
2026-09-03,EU,2026-09-02,2.0,0.913,2026-09-03T16:11:54
2026-09-03,EU,2026-09-02,3.0,0.95,2026-09-03T16:11:54
2026-09-03,EU,2026-09-02,5.0,1.009,2026-09-03T16:11:54
2026-09-03,EU,2026-09-02,7.0,1.118,2026-09-03T16:11:54
2026-09-03,EU,2026-09-02,10.0,1.292,2026-09-03T16:11:54
2026-09-03,EU,2026-09-02,15.0,1.506,2026-09-03T16:11:54
2026-09-03,EU,2026-09-02,20.0,1.596,2026-09-03T16:11:54
2026-09-03,EU,2026-09-02,30.0,1.581,2026-09-03T16:11:54
2026-09-04,BR,2026-09-03,2.7,7.8,2026-09-04T16:06:46
2026-09-04,BR,2026-09-03,5.95,7.95,2026-09-04T16:06:46
2026-09-04,BR,2026-09-03,8.7,7.7,2026-09-04T16:06:46
2026-09-04,BR,2026-09-03,13.95,7.37,2026-09-04T16:06:46
2026-09-04,BR,2026-09-03,18.7,7.3,2026-09-04T16:06:46
2026-09-04,BR,2026-09-03,23.95,7.28,2026-09-04T16:06:46
2026-09-04,US,2026-09-03,5.0,2.15,2026-09-04T16:06:46
2026-09-04,US,2026-09-03,7.0,2.27,2026-09-04T16:06:46
2026-09-04,US,2026-09-03,10.0,2.42,2026-09-04T16:06:46
2026-09-04,US,2026-09-03,20.0,2.76,2026-09-04T16:06:46
2026-09-04,US,2026-09-03,30.0,2.96,2026-09-04T16:06:46
2026-09-04,EU,2026-09-03,0.25,0.509,2026-09-04T16:06:46
2026-09-04,EU,2026-09-03,0.5,0.642,2026-09-04T16:06:46
2026-09-04,EU,2026-09-03,1.0,0.794,2026-09-04T16:06:46
2026-09-04,EU,2026-09-03,2.0,0.886,2026-09-04T16:06:46
2026-09-04,EU,2026-09-03,3.0,0.916,2026-09-04T16:06:46
2026-09-04,EU,2026-09-03,5.0,0.974,2026-09-04T16:06:46
2026-09-04,EU,2026-09-03,7.0,1.086,2026-09-04T16:06:46
2026-09-04,EU,2026-09-03,10.0,1.265,2026-09-04T16:06:46
2026-09-04,EU,2026-09-03,15.0,1.484,2026-09-04T16:06:46
2026-09-04,EU,2026-09-03,20.0,1.578,2026-09-04T16:06:46
2026-09-04,EU,2026-09-03,30.0,1.567,2026-09-04T16:06:46
2026-09-07,BR,2026-09-04,2.69,7.8,2026-09-07T17:37:26
2026-09-07,BR,2026-09-04,5.95,7.9,2026-09-07T17:37:26
2026-09-07,BR,2026-09-04,8.69,7.66,2026-09-07T17:37:26
2026-09-07,BR,2026-09-04,13.95,7.34,2026-09-07T17:37:26
2026-09-07,BR,2026-09-04,18.69,7.32,2026-09-07T17:37:26
2026-09-07,BR,2026-09-04,23.95,7.28,2026-09-07T17:37:26
2026-09-07,US,2026-09-04,5.0,2.17,2026-09-07T17:37:26
2026-09-07,US,2026-09-04,7.0,2.29,2026-09-07T17:37:26
2026-09-07,US,2026-09-04,10.0,2.43,2026-09-07T17:37:26
2026-09-07,US,2026-09-04,20.0,2.77,2026-09-07T17:37:26
2026-09-07,US,2026-09-04,30.0,2.96,2026-09-07T17:37:26
2026-09-07,EU,2026-09-04,0.25,0.525,2026-09-07T17:37:26
2026-09-07,EU,2026-09-04,0.5,0.647,2026-09-07T17:37:26
2026-09-07,EU,2026-09-04,1.0,0.788,2026-09-07T17:37:26
2026-09-07,EU,2026-09-04,2.0,0.877,2026-09-07T17:37:26
2026-09-07,EU,2026-09-04,3.0,0.908,2026-09-07T17:37:26
2026-09-07,EU,2026-09-04,5.0,0.964,2026-09-07T17:37:26
2026-09-07,EU,2026-09-04,7.0,1.073,2026-09-07T17:37:26
2026-09-07,EU,2026-09-04,10.0,1.246,2026-09-07T17:37:26
2026-09-07,EU,2026-09-04,15.0,1.464,2026-09-07T17:37:26
2026-09-07,EU,2026-09-04,20.0,1.558,2026-09-07T17:37:26
2026-09-07,EU,2026-09-04,30.0,1.555,2026-09-07T17:37:26
2026-09-08,BR,2026-09-04,2.69,7.8,2026-09-08T16:24:39
2026-09-08,BR,2026-09-04,5.95,7.9,2026-09-08T16:24:39
2026-09-08,BR,2026-09-04,8.69,7.66,2026-09-08T16:24:39
2026-09-08,BR,2026-09-04,13.95,7.34,2026-09-08T16:24:39
2026-09-08,BR,2026-09-04,18.69,7.32,2026-09-08T16:24:39
2026-09-08,BR,2026-09-04,23.95,7.28,2026-09-08T16:24:39
2026-09-08,US,2026-09-04,5.0,2.17,2026-09-08T16:24:39
2026-09-08,US,2026-09-04,7.0,2.29,2026-09-08T16:24:39
2026-09-08,US,2026-09-04,10.0,2.43,2026-09-08T16:24:39
2026-09-08,US,2026-09-04,20.0,2.77,2026-09-08T16:24:39
2026-09-08,US,2026-09-04,30.0,2.96,2026-09-08T16:24:39
2026-09-08,EU,2026-09-07,0.25,0.545,2026-09-08T16:24:39
2026-09-08,EU,2026-09-07,0.5,0.671,2026-09-08T16:24:39
2026-09-08,EU,2026-09-07,1.0,0.818,2026-09-08T16:24:39
2026-09-08,EU,2026-09-07,2.0,0.913,2026-09-08T16:24:39
2026-09-08,EU,2026-09-07,3.0,0.947,2026-09-08T16:24:39
2026-09-08,EU,2026-09-07,5.0,1.006,2026-09-08T16:24:39
2026-09-08,EU,2026-09-07,7.0,1.115,2026-09-08T16:24:39
2026-09-08,EU,2026-09-07,10.0,1.289,2026-09-08T16:24:39
2026-09-08,EU,2026-09-07,15.0,1.506,2026-09-08T16:24:39
2026-09-08,EU,2026-09-07,20.0,1.597,2026-09-08T16:24:39
2026-09-08,EU,2026-09-07,30.0,1.584,2026-09-08T16:24:39
2026-09-09,BR,2026-09-08,2.68,7.72,2026-09-09T16:20:12
2026-09-09,BR,2026-09-08,5.94,7.8,2026-09-09T16:20:12
2026-09-09,BR,2026-09-08,8.68,7.6,2026-09-09T16:20:12
2026-09-09,BR,2026-09-08,13.94,7.29,2026-09-09T16:20:12
2026-09-09,BR,2026-09-08,18.68,7.28,2026-09-09T16:20:12
2026-09-09,BR,2026-09-08,23.93,7.25,2026-09-09T16:20:12
2026-09-09,US,2026-09-08,5.0,2.17,2026-09-09T16:20:12
2026-09-09,US,2026-09-08,7.0,2.29,2026-09-09T16:20:12
2026-09-09,US,2026-09-08,10.0,2.43,2026-09-09T16:20:12
2026-09-09,US,2026-09-08,20.0,2.77,2026-09-09T16:20:12
2026-09-09,US,2026-09-08,30.0,2.96,2026-09-09T16:20:12
2026-09-09,EU,2026-09-08,0.25,0.529,2026-09-09T16:20:12
2026-09-09,EU,2026-09-08,0.5,0.66,2026-09-09T16:20:12
2026-09-09,EU,2026-09-08,1.0,0.815,2026-09-09T16:20:12
2026-09-09,EU,2026-09-08,2.0,0.92,2026-09-09T16:20:12
2026-09-09,EU,2026-09-08,3.0,0.956,2026-09-09T16:20:12
2026-09-09,EU,2026-09-08,5.0,1.009,2026-09-09T16:20:12
2026-09-09,EU,2026-09-08,7.0,1.111,2026-09-09T16:20:12
2026-09-09,EU,2026-09-08,10.0,1.278,2026-09-09T16:20:12
2026-09-09,EU,2026-09-08,15.0,1.488,2026-09-09T16:20:12
2026-09-09,EU,2026-09-08,20.0,1.576,2026-09-09T16:20:12
2026-09-09,EU,2026-09-08,30.0,1.562,2026-09-09T16:20:12
2026-09-10,BR,2026-09-09,2.68,7.7,2026-09-10T16:10:57
2026-09-10,BR,2026-09-09,5.93,7.77,2026-09-10T16:10:57
2026-09-10,BR,2026-09-09,8.68,7.6,2026-09-10T16:10:57
2026-09-10,BR,2026-09-09,13.93,7.32,2026-09-10T16:10:57
2026-09-10,BR,2026-09-09,18.68,7.34,2026-09-10T16:10:57
2026-09-10,BR,2026-09-09,23.93,7.33,2026-09-10T16:10:57
2026-09-10,US,2026-09-09,5.0,2.2,2026-09-10T16:10:57
2026-09-10,US,2026-09-09,7.0,2.32,2026-09-10T16:10:57
2026-09-10,US,2026-09-09,10.0,2.46,2026-09-10T16:10:57
2026-09-10,US,2026-09-09,20.0,2.79,2026-09-10T16:10:57
2026-09-10,US,2026-09-09,30.0,2.98,2026-09-10T16:10:57
2026-09-10,EU,2026-09-09,0.25,0.526,2026-09-10T16:10:57
2026-09-10,EU,2026-09-09,0.5,0.676,2026-09-10T16:10:57
2026-09-10,EU,2026-09-09,1.0,0.854,2026-09-10T16:10:57
2026-09-10,EU,2026-09-09,2.0,0.976,2026-09-10T16:10:57
2026-09-10,EU,2026-09-09,3.0,1.014,2026-09-10T16:10:57
2026-09-10,EU,2026-09-09,5.0,1.064,2026-09-10T16:10:57
2026-09-10,EU,2026-09-09,7.0,1.162,2026-09-10T16:10:57
2026-09-10,EU,2026-09-09,10.0,1.327,2026-09-10T16:10:57
2026-09-10,EU,2026-09-09,15.0,1.531,2026-09-10T16:10:57
2026-09-10,EU,2026-09-09,20.0,1.613,2026-09-10T16:10:57
2026-09-10,EU,2026-09-09,30.0,1.584,2026-09-10T16:10:57
2026-09-11,BR,2026-09-10,2.68,7.7,2026-09-11T16:14:27
2026-09-11,BR,2026-09-10,5.93,7.79,2026-09-11T16:14:27
2026-09-11,BR,2026-09-10,8.68,7.64,2026-09-11T16:14:27
2026-09-11,BR,2026-09-10,13.93,7.37,2026-09-11T16:14:27
2026-09-11,BR,2026-09-10,18.68,7.37,2026-09-11T16:14:27
2026-09-11,BR,2026-09-10,23.93,7.36,2026-09-11T16:14:27
2026-09-11,US,2026-09-10,5.0,2.29,2026-09-11T16:14:27
2026-09-11,US,2026-09-10,7.0,2.41,2026-09-11T16:14:27
2026-09-11,US,2026-09-10,10.0,2.55,2026-09-11T16:14:27
2026-09-11,US,2026-09-10,20.0,2.87,2026-09-11T16:14:27
2026-09-11,US,2026-09-10,30.0,3.05,2026-09-11T16:14:27
2026-09-11,EU,2026-09-10,0.25,0.593,2026-09-11T16:14:27
2026-09-11,EU,2026-09-10,0.5,0.768,2026-09-11T16:14:27
2026-09-11,EU,2026-09-10,1.0,0.972,2026-09-11T16:14:27
2026-09-11,EU,2026-09-10,2.0,1.101,2026-09-11T16:14:27
2026-09-11,EU,2026-09-10,3.0,1.129,2026-09-11T16:14:27
2026-09-11,EU,2026-09-10,5.0,1.16,2026-09-11T16:14:27
2026-09-11,EU,2026-09-10,7.0,1.249,2026-09-11T16:14:27
2026-09-11,EU,2026-09-10,10.0,1.403,2026-09-11T16:14:27
2026-09-11,EU,2026-09-10,15.0,1.596,2026-09-11T16:14:27
2026-09-11,EU,2026-09-10,20.0,1.668,2026-09-11T16:14:27
2026-09-11,EU,2026-09-10,30.0,1.626,2026-09-11T16:14:27
2026-09-14,BR,2026-09-10,2.68,7.7,2026-09-14T17:58:12
2026-09-14,BR,2026-09-10,5.93,7.79,2026-09-14T17:58:12
2026-09-14,BR,2026-09-10,8.68,7.64,2026-09-14T17:58:12
2026-09-14,BR,2026-09-10,13.93,7.37,2026-09-14T17:58:12
2026-09-14,BR,2026-09-10,18.68,7.37,2026-09-14T17:58:12
2026-09-14,BR,2026-09-10,23.93,7.36,2026-09-14T17:58:12
2026-09-14,US,2026-09-11,5.0,2.38,2026-09-14T17:58:12
2026-09-14,US,2026-09-11,7.0,2.48,2026-09-14T17:58:12
2026-09-14,US,2026-09-11,10.0,2.6,2026-09-14T17:58:12
2026-09-14,US,2026-09-11,20.0,2.89,2026-09-14T17:58:12
2026-09-14,US,2026-09-11,30.0,3.07,2026-09-14T17:58:12
2026-09-14,EU,2026-09-11,0.25,0.625,2026-09-14T17:58:12
2026-09-14,EU,2026-09-11,0.5,0.799,2026-09-14T17:58:12
2026-09-14,EU,2026-09-11,1.0,1.002,2026-09-14T17:58:12
2026-09-14,EU,2026-09-11,2.0,1.128,2026-09-14T17:58:12
2026-09-14,EU,2026-09-11,3.0,1.155,2026-09-14T17:58:12
2026-09-14,EU,2026-09-11,5.0,1.185,2026-09-14T17:58:12
2026-09-14,EU,2026-09-11,7.0,1.273,2026-09-14T17:58:12
2026-09-14,EU,2026-09-11,10.0,1.423,2026-09-14T17:58:12
2026-09-14,EU,2026-09-11,15.0,1.604,2026-09-14T17:58:12
2026-09-14,EU,2026-09-11,20.0,1.664,2026-09-14T17:58:12
2026-09-14,EU,2026-09-11,30.0,1.603,2026-09-14T17:58:12
2026-09-15,BR,2026-09-14,2.67,7.55,2026-09-15T16:41:36
2026-09-15,BR,2026-09-14,5.92,7.62,2026-09-15T16:41:36
2026-09-15,BR,2026-09-14,8.67,7.58,2026-09-15T16:41:36
2026-09-15,BR,2026-09-14,13.92,7.34,2026-09-15T16:41:36
2026-09-15,BR,2026-09-14,18.67,7.34,2026-09-15T16:41:36
2026-09-15,BR,2026-09-14,23.92,7.3,2026-09-15T16:41:36
2026-09-15,US,2026-09-14,5.0,2.4,2026-09-15T16:41:36
2026-09-15,US,2026-09-14,7.0,2.49,2026-09-15T16:41:36
2026-09-15,US,2026-09-14,10.0,2.6,2026-09-15T16:41:36
2026-09-15,US,2026-09-14,20.0,2.89,2026-09-15T16:41:36
2026-09-15,US,2026-09-14,30.0,3.05,2026-09-15T16:41:36
2026-09-15,EU,2026-09-14,0.25,0.623,2026-09-15T16:41:36
2026-09-15,EU,2026-09-14,0.5,0.831,2026-09-15T16:41:36
2026-09-15,EU,2026-09-14,1.0,1.076,2026-09-15T16:41:36
2026-09-15,EU,2026-09-14,2.0,1.228,2026-09-15T16:41:36
2026-09-15,EU,2026-09-14,3.0,1.248,2026-09-15T16:41:36
2026-09-15,EU,2026-09-14,5.0,1.249,2026-09-15T16:41:36
2026-09-15,EU,2026-09-14,7.0,1.313,2026-09-15T16:41:36
2026-09-15,EU,2026-09-14,10.0,1.441,2026-09-15T16:41:36
2026-09-15,EU,2026-09-14,15.0,1.605,2026-09-15T16:41:36
2026-09-15,EU,2026-09-14,20.0,1.656,2026-09-15T16:41:36
2026-09-15,EU,2026-09-14,30.0,1.589,2026-09-15T16:41:36
2026-09-16,BR,2026-09-15,2.66,7.47,2026-09-16T16:34:59
2026-09-16,BR,2026-09-15,5.92,7.61,2026-09-16T16:34:59
2026-09-16,BR,2026-09-15,8.66,7.56,2026-09-16T16:34:59
2026-09-16,BR,2026-09-15,13.92,7.28,2026-09-16T16:34:59
2026-09-16,BR,2026-09-15,18.66,7.26,2026-09-16T16:34:59
2026-09-16,BR,2026-09-15,23.92,7.24,2026-09-16T16:34:59
2026-09-16,US,2026-09-15,5.0,2.42,2026-09-16T16:34:59
2026-09-16,US,2026-09-15,7.0,2.51,2026-09-16T16:34:59
2026-09-16,US,2026-09-15,10.0,2.62,2026-09-16T16:34:59
2026-09-16,US,2026-09-15,20.0,2.9,2026-09-16T16:34:59
2026-09-16,US,2026-09-15,30.0,3.07,2026-09-16T16:34:59
2026-09-16,EU,2026-09-15,0.25,0.612,2026-09-16T16:34:59
2026-09-16,EU,2026-09-15,0.5,0.808,2026-09-16T16:34:59
2026-09-16,EU,2026-09-15,1.0,1.039,2026-09-16T16:34:59
2026-09-16,EU,2026-09-15,2.0,1.188,2026-09-16T16:34:59
2026-09-16,EU,2026-09-15,3.0,1.216,2026-09-16T16:34:59
2026-09-16,EU,2026-09-15,5.0,1.233,2026-09-16T16:34:59
2026-09-16,EU,2026-09-15,7.0,1.307,2026-09-16T16:34:59
2026-09-16,EU,2026-09-15,10.0,1.444,2026-09-16T16:34:59
2026-09-16,EU,2026-09-15,15.0,1.614,2026-09-16T16:34:59
2026-09-16,EU,2026-09-15,20.0,1.668,2026-09-16T16:34:59
2026-09-16,EU,2026-09-15,30.0,1.603,2026-09-16T16:34:59
2026-09-17,BR,2026-09-16,2.66,7.47,2026-09-17T16:40:32
2026-09-17,BR,2026-09-16,5.91,7.66,2026-09-17T16:40:32
2026-09-17,BR,2026-09-16,8.66,7.6,2026-09-17T16:40:32
2026-09-17,BR,2026-09-16,13.91,7.3,2026-09-17T16:40:32
2026-09-17,BR,2026-09-16,18.66,7.28,2026-09-17T16:40:32
2026-09-17,BR,2026-09-16,23.91,7.23,2026-09-17T16:40:32
2026-09-17,US,2026-09-16,5.0,2.51,2026-09-17T16:40:32
2026-09-17,US,2026-09-16,7.0,2.59,2026-09-17T16:40:32
2026-09-17,US,2026-09-16,10.0,2.68,2026-09-17T16:40:32
2026-09-17,US,2026-09-16,20.0,2.93,2026-09-17T16:40:32
2026-09-17,US,2026-09-16,30.0,3.09,2026-09-17T16:40:32
2026-09-17,EU,2026-09-16,0.25,0.616,2026-09-17T16:40:32
2026-09-17,EU,2026-09-16,0.5,0.798,2026-09-17T16:40:32
2026-09-17,EU,2026-09-16,1.0,1.017,2026-09-17T16:40:32
2026-09-17,EU,2026-09-16,2.0,1.166,2026-09-17T16:40:32
2026-09-17,EU,2026-09-16,3.0,1.201,2026-09-17T16:40:32
2026-09-17,EU,2026-09-16,5.0,1.226,2026-09-17T16:40:32
2026-09-17,EU,2026-09-16,7.0,1.3,2026-09-17T16:40:32
2026-09-17,EU,2026-09-16,10.0,1.433,2026-09-17T16:40:32
2026-09-17,EU,2026-09-16,15.0,1.598,2026-09-17T16:40:32
2026-09-17,EU,2026-09-16,20.0,1.65,2026-09-17T16:40:32
2026-09-17,EU,2026-09-16,30.0,1.586,2026-09-17T16:40:32
2026-09-18,BR,2026-09-17,2.66,7.43,2026-09-18T16:11:15
2026-09-18,BR,2026-09-17,5.91,7.61,2026-09-18T16:11:15
2026-09-18,BR,2026-09-17,8.66,7.55,2026-09-18T16:11:15
2026-09-18,BR,2026-09-17,13.91,7.26,2026-09-18T16:11:15
2026-09-18,BR,2026-09-17,18.66,7.24,2026-09-18T16:11:15
2026-09-18,BR,2026-09-17,23.91,7.19,2026-09-18T16:11:15
2026-09-18,US,2026-09-17,5.0,2.46,2026-09-18T16:11:15
2026-09-18,US,2026-09-17,7.0,2.52,2026-09-18T16:11:15
2026-09-18,US,2026-09-17,10.0,2.61,2026-09-18T16:11:15
2026-09-18,US,2026-09-17,20.0,2.87,2026-09-18T16:11:15
2026-09-18,US,2026-09-17,30.0,3.04,2026-09-18T16:11:15
2026-09-18,EU,2026-09-17,0.25,0.639,2026-09-18T16:11:15
2026-09-18,EU,2026-09-17,0.5,0.813,2026-09-18T16:11:15
2026-09-18,EU,2026-09-17,1.0,1.019,2026-09-18T16:11:15
2026-09-18,EU,2026-09-17,2.0,1.148,2026-09-18T16:11:15
2026-09-18,EU,2026-09-17,3.0,1.173,2026-09-18T16:11:15
2026-09-18,EU,2026-09-17,5.0,1.189,2026-09-18T16:11:15
2026-09-18,EU,2026-09-17,7.0,1.259,2026-09-18T16:11:15
2026-09-18,EU,2026-09-17,10.0,1.388,2026-09-18T16:11:15
2026-09-18,EU,2026-09-17,15.0,1.549,2026-09-18T16:11:15
2026-09-18,EU,2026-09-17,20.0,1.603,2026-09-18T16:11:15
2026-09-18,EU,2026-09-17,30.0,1.55,2026-09-18T16:11:15
2026-09-21,BR,2026-09-18,2.66,7.37,2026-09-21T18:06:08
2026-09-21,BR,2026-09-18,5.91,7.58,2026-09-21T18:06:08
2026-09-21,BR,2026-09-18,8.65,7.57,2026-09-21T18:06:08
2026-09-21,BR,2026-09-18,13.91,7.27,2026-09-21T18:06:08
2026-09-21,BR,2026-09-18,18.66,7.26,2026-09-21T18:06:08
2026-09-21,BR,2026-09-18,23.91,7.19,2026-09-21T18:06:08
2026-09-21,US,2026-09-18,5.0,2.55,2026-09-21T18:06:08
2026-09-21,US,2026-09-18,7.0,2.6,2026-09-21T18:06:08
2026-09-21,US,2026-09-18,10.0,2.68,2026-09-21T18:06:08
2026-09-21,US,2026-09-18,20.0,2.93,2026-09-21T18:06:08
2026-09-21,US,2026-09-18,30.0,3.09,2026-09-21T18:06:08
2026-09-21,EU,2026-09-18,0.25,0.658,2026-09-21T18:06:08
2026-09-21,EU,2026-09-18,0.5,0.849,2026-09-21T18:06:08
2026-09-21,EU,2026-09-18,1.0,1.073,2026-09-21T18:06:08
2026-09-21,EU,2026-09-18,2.0,1.215,2026-09-21T18:06:08
2026-09-21,EU,2026-09-18,3.0,1.239,2026-09-21T18:06:08
2026-09-21,EU,2026-09-18,5.0,1.246,2026-09-21T18:06:08
2026-09-21,EU,2026-09-18,7.0,1.309,2026-09-21T18:06:08
2026-09-21,EU,2026-09-18,10.0,1.43,2026-09-21T18:06:08
2026-09-21,EU,2026-09-18,15.0,1.58,2026-09-21T18:06:08
2026-09-21,EU,2026-09-18,20.0,1.622,2026-09-21T18:06:08
2026-09-21,EU,2026-09-18,30.0,1.547,2026-09-21T18:06:08
2026-09-22,BR,2026-09-18,2.66,7.37,2026-09-22T16:41:07
2026-09-22,BR,2026-09-18,5.91,7.58,2026-09-22T16:41:07
2026-09-22,BR,2026-09-18,8.65,7.57,2026-09-22T16:41:07
2026-09-22,BR,2026-09-18,13.91,7.27,2026-09-22T16:41:07
2026-09-22,BR,2026-09-18,18.66,7.26,2026-09-22T16:41:07
2026-09-22,BR,2026-09-18,23.91,7.19,2026-09-22T16:41:07
2026-09-22,US,2026-09-21,5.0,2.5,2026-09-22T16:41:07
2026-09-22,US,2026-09-21,7.0,2.55,2026-09-22T16:41:07
2026-09-22,US,2026-09-21,10.0,2.62,2026-09-22T16:41:07
2026-09-22,US,2026-09-21,20.0,2.86,2026-09-22T16:41:07
2026-09-22,US,2026-09-21,30.0,3.02,2026-09-22T16:41:07
2026-09-22,EU,2026-09-21,0.25,0.642,2026-09-22T16:41:07
2026-09-22,EU,2026-09-21,0.5,0.821,2026-09-22T16:41:07
2026-09-22,EU,2026-09-21,1.0,1.027,2026-09-22T16:41:07
2026-09-22,EU,2026-09-21,2.0,1.148,2026-09-22T16:41:07
2026-09-22,EU,2026-09-21,3.0,1.165,2026-09-22T16:41:07
2026-09-22,EU,2026-09-21,5.0,1.175,2026-09-22T16:41:07
2026-09-22,EU,2026-09-21,7.0,1.245,2026-09-22T16:41:07
2026-09-22,EU,2026-09-21,10.0,1.374,2026-09-22T16:41:07
2026-09-22,EU,2026-09-21,15.0,1.533,2026-09-22T16:41:07
2026-09-22,EU,2026-09-21,20.0,1.584,2026-09-22T16:41:07
2026-09-22,EU,2026-09-21,30.0,1.525,2026-09-22T16:41:07
2026-09-23,BR,2026-09-18,2.66,7.37,2026-09-23T16:34:43
2026-09-23,BR,2026-09-18,5.91,7.58,2026-09-23T16:34:43
2026-09-23,BR,2026-09-18,8.65,7.57,2026-09-23T16:34:43
2026-09-23,BR,2026-09-18,13.91,7.27,2026-09-23T16:34:43
2026-09-23,BR,2026-09-18,18.66,7.26,2026-09-23T16:34:43
2026-09-23,BR,2026-09-18,23.91,7.19,2026-09-23T16:34:43
2026-09-23,US,2026-09-22,5.0,2.51,2026-09-23T16:34:43
2026-09-23,US,2026-09-22,7.0,2.56,2026-09-23T16:34:43
2026-09-23,US,2026-09-22,10.0,2.63,2026-09-23T16:34:43
2026-09-23,US,2026-09-22,20.0,2.88,2026-09-23T16:34:43
2026-09-23,US,2026-09-22,30.0,3.04,2026-09-23T16:34:43
2026-09-23,EU,2026-09-22,0.25,0.668,2026-09-23T16:34:43
2026-09-23,EU,2026-09-22,0.5,0.829,2026-09-23T16:34:43
2026-09-23,EU,2026-09-22,1.0,1.018,2026-09-23T16:34:43
2026-09-23,EU,2026-09-22,2.0,1.136,2026-09-23T16:34:43
2026-09-23,EU,2026-09-22,3.0,1.157,2026-09-23T16:34:43
2026-09-23,EU,2026-09-22,5.0,1.167,2026-09-23T16:34:43
2026-09-23,EU,2026-09-22,7.0,1.231,2026-09-23T16:34:43
2026-09-23,EU,2026-09-22,10.0,1.353,2026-09-23T16:34:43
2026-09-23,EU,2026-09-22,15.0,1.509,2026-09-23T16:34:43
2026-09-23,EU,2026-09-22,20.0,1.563,2026-09-23T16:34:43
2026-09-23,EU,2026-09-22,30.0,1.518,2026-09-23T16:34:43
2026-09-24,BR,2026-09-18,2.66,7.37,2026-09-24T16:54:19
2026-09-24,BR,2026-09-18,5.91,7.58,2026-09-24T16:54:19
2026-09-24,BR,2026-09-18,8.65,7.57,2026-09-24T16:54:19
2026-09-24,BR,2026-09-18,13.91,7.27,2026-09-24T16:54:19
2026-09-24,BR,2026-09-18,18.66,7.26,2026-09-24T16:54:19
2026-09-24,BR,2026-09-18,23.91,7.19,2026-09-24T16:54:19
2026-09-24,US,2026-09-23,5.0,2.65,2026-09-24T16:54:19
2026-09-24,US,2026-09-23,7.0,2.7,2026-09-24T16:54:19
2026-09-24,US,2026-09-23,10.0,2.76,2026-09-24T16:54:19
2026-09-24,US,2026-09-23,20.0,2.99,2026-09-24T16:54:19
2026-09-24,US,2026-09-23,30.0,3.14,2026-09-24T16:54:19
2026-09-24,EU,2026-09-23,0.25,0.741,2026-09-24T16:54:19
2026-09-24,EU,2026-09-23,0.5,0.886,2026-09-24T16:54:19
2026-09-24,EU,2026-09-23,1.0,1.072,2026-09-24T16:54:19
2026-09-24,EU,2026-09-23,2.0,1.218,2026-09-24T16:54:19
2026-09-24,EU,2026-09-23,3.0,1.264,2026-09-24T16:54:19
2026-09-24,EU,2026-09-23,5.0,1.28,2026-09-24T16:54:19
2026-09-24,EU,2026-09-23,7.0,1.326,2026-09-24T16:54:19
2026-09-24,EU,2026-09-23,10.0,1.424,2026-09-24T16:54:19
2026-09-24,EU,2026-09-23,15.0,1.559,2026-09-24T16:54:19
2026-09-24,EU,2026-09-23,20.0,1.607,2026-09-24T16:54:19
2026-09-24,EU,2026-09-23,30.0,1.563,2026-09-24T16:54:19
2026-09-25,BR,2026-09-24,2.64,7.5,2026-09-25T16:57:20
2026-09-25,BR,2026-09-24,5.89,7.68,2026-09-25T16:57:20
2026-09-25,BR,2026-09-24,8.64,7.61,2026-09-25T16:57:20
2026-09-25,BR,2026-09-24,13.89,7.31,2026-09-25T16:57:20
2026-09-25,BR,2026-09-24,18.64,7.27,2026-09-25T16:57:20
2026-09-25,BR,2026-09-24,23.89,7.16,2026-09-25T16:57:20
2026-09-25,US,2026-09-24,5.0,2.7,2026-09-25T16:57:20
2026-09-25,US,2026-09-24,7.0,2.77,2026-09-25T16:57:20
2026-09-25,US,2026-09-24,10.0,2.85,2026-09-25T16:57:20
2026-09-25,US,2026-09-24,20.0,3.08,2026-09-25T16:57:20
2026-09-25,US,2026-09-24,30.0,3.21,2026-09-25T16:57:20
2026-09-25,EU,2026-09-24,0.25,0.712,2026-09-25T16:57:20
2026-09-25,EU,2026-09-24,0.5,0.876,2026-09-25T16:57:20
2026-09-25,EU,2026-09-24,1.0,1.08,2026-09-25T16:57:20
2026-09-25,EU,2026-09-24,2.0,1.229,2026-09-25T16:57:20
2026-09-25,EU,2026-09-24,3.0,1.271,2026-09-25T16:57:20
2026-09-25,EU,2026-09-24,5.0,1.293,2026-09-25T16:57:20
2026-09-25,EU,2026-09-24,7.0,1.355,2026-09-25T16:57:20
2026-09-25,EU,2026-09-24,10.0,1.466,2026-09-25T16:57:20
2026-09-25,EU,2026-09-24,15.0,1.602,2026-09-25T16:57:20
2026-09-25,EU,2026-09-24,20.0,1.632,2026-09-25T16:57:20
2026-09-25,EU,2026-09-24,30.0,1.544,2026-09-25T16:57:20
